#node	identifier	domain_summary_url	annotation	other_names_and_aliases
CG11417	7227.FBpp0070205	https://smart.embl.de/smart/DDvec.cgi?smart=771:COIL(121|155)+COIL(476|503)+Pfam_NUC153(683|711)+	EG:8D8.4 protein; It is involved in the biological process described with: neurogenesis	31083	31083	31083	57643	AA264666	AA817592	AAF45610.1	AAM52674.1	AI518729	AW942680	AW943422	AY075415	AY122162	CAA17684.1	CG11417	CG11417	CG11417	CG11417	CG11417	CG11417	CG11417	CG11417	CG11417-PA	CG11417-PA	CG11417-PA	CG11417-PA	CG11417-RA	CG11417-RA	CG11417-RA	CG11417-RA	DmelCG11417	DmelCG11417	DmelCG11417	Dmel_CG11417	Dmel_CG11417	EG:8D8.4	EG:8D8.4	EG:8D8.4	EG:8D8.4	EG:8D8.4 protein	EG:8D8.4 protein	FBan0011417	FBgn0024364	FBgn0024364	FBgn0024364	FBgn0024364	FBgn0024364	FBgn0024364	FBpp0070205	FBpp0070205	FBpp0070205	FBtr0070212	FBtr0070212	FBtr0070212	NM_130550	NM_130550.2	NP_569906	NP_569906	NP_569906.1	NP_569906.1	NP_569906.1	O46307	O46307	O46307	O46307_DROME	O46307_DROME	Q8MR29	UPI0000078199	dme:Dmel_CG11417	fs(1)N	fs(1)N	uncharacterized protein
Nmd3	7227.FBpp0070409	https://smart.embl.de/smart/DDvec.cgi?smart=521:Pfam_NMD3(27|255)+	60S ribosomal export protein NMD3; Acts as an adapter for the XPO1/CRM1-mediated export of the 60S ribosomal subunit	31195	31195	31195	57735	60S ribosomal export protein NMD3	60S ribosomal export protein NMD3	AA439239	AA821149	AAF45744.1	AAL13723.1	AI519019	AJ238705	AY058494	CAA15695.1	CAB42049.1	CG3460	CG3460	CG3460	CG3460	CG3460	CG3460-PA	CG3460-PA	CG3460-RA	CG3460-RA	CG3460-RA	DmelCG3460	DmelCG3460	DmelCG3460	Dmel_CG3460	Dmel_CG3460	EG:152A3.1	EG:152A3.1	EG:152A3.1	EG:152A3.1	FBan0003460	FBgn0014089	FBgn0023542	FBgn0023542	FBgn0023542	FBgn0023542	FBgn0023542	FBgn0023542	FBpp0070409	FBpp0070409	FBpp0070409	FBtr0070425	FBtr0070425	FBtr0070425	II	II	II	II	NM_057984	NM_057984.4	NP_477332	NP_477332	NP_477332.1	NP_477332.1	NP_477332.1	Nmd3	Nmd3	Nmd3	Nmd3	Nmd3	Nmd3	Nmd3	Nmd3-PA	Nmd3-PA	Nmd3-PA	Nmd3-RA	Nonsense-mediated mRNA 3	Nonsense-mediated mRNA 3	Nonsense-mediated mRNA 3	O46050	O46050	O46050	O46050_DROME	O46050_DROME	Q9UB80	TcD12	TcD12	TcD12	TcD12	TcD13	TcD13	TcD13	TcD13	UPI00000807BE	anon-2Eb	anon-2Eb	anon-2Eb	anon-2Eb	dNmd3	dNmd3	dNmd3	dNmd3	dme:Dmel_CG3460	transcription unit III
CG15766	7227.FBpp0070797	https://smart.embl.de/smart/DDvec.cgi?smart=216:Pfam_Acetyltransf_1(22|180)+	Uncharacterized protein; N-acetyltransferase activity	31512	31512	31512	5K9N	5K9N	AAF46089.2	AAY54659.1	AAY54719.1	AAY54759.1	BT022243	BT022303	BT022343	CG15766	CG15766	CG15766	CG15766	CG15766	CG15766	CG15766	CG15766	CG15766-PA	CG15766-PA	CG15766-PA	CG15766-PA	CG15766-RA	CG15766-RA	CG15766-RA	CG15766-RA	DmelCG15766	DmelCG15766	DmelCG15766	Dmel_CG15766	Dmel_CG15766	FBan0015766	FBgn0029813	FBgn0029813	FBgn0029813	FBgn0029813	FBgn0029813	FBgn0029813	FBpp0070797	FBpp0070797	FBpp0070797	FBtr0070832	FBtr0070832	FBtr0070832	NM_132040	NM_132040.2	NP_572268	NP_572268	NP_572268.1	NP_572268.1	NP_572268.1	Q4V6G3	Q4V6K3	Q9W469	Q9W469	Q9W469	Q9W469_DROME	Q9W469_DROME	UPI0000078DEA	Uncharacterized protein	Uncharacterized protein	dme:Dmel_CG15766	uncharacterized protein
CG32732	7227.FBpp0070998	https://smart.embl.de/smart/DDvec.cgi?smart=537:Pfam_SET(144|364)+Pfam_Rubis-subs-bind(395|524)+	RE55639p; It is involved in the biological process described with: lateral inhibition	2.1.1.43	31638	31638	31638	58118	AAF46222.2	AAO39485.1	AY925318	AY925319	AY925320	AY925321	AY925322	AY925323	AY925324	AY925325	AY925326	AY925327	AY925328	AY925329	AY925330	AY925331	AY925332	AY925333	AY925334	AY925335	AY925336	AY925337	AY925338	AY925339	AY925340	AY925341	AY925342	AY925343	AY925344	AY925345	AY925346	AY925347	AY925348	AY925349	AY925350	AY925351	AY925352	AY925353	AY925354	AY925355	AY925356	AY925357	AY925358	AY925359	AY925360	AY925361	AY925362	AY925363	AY925364	AY925365	AY925366	AY925367	AY925368	AY925369	AY925370	AY925371	AY925372	AY925373	AY925374	AY925375	AY925376	AY925377	AY925378	AY925379	AY925380	AY925381	AY925382	AY925383	AY925384	AY925385	AY925386	AY925387	AY925388	AY925389	AY925390	AY925391	AY925392	AY925393	AY925394	AY925395	AY925396	AY925397	AY925398	AY925399	AY925400	AY925401	AY925402	AY925403	AY925404	AY925405	AY925406	AY925407	AY925408	AY925409	AY925410	AY925411	AY925412	AY925413	AY925414	AY925415	AY925416	BI369450	BT003482	CG12542	CG12542	CG12542	CG12542	CG12542-RB	CG3042	CG3042	CG3042	CG3042	CG32732	CG32732	CG32732	CG32732	CG32732	CG32732	CG32732	CG32732	CG32732-PA	CG32732-PA	CG32732-PA	CG32732-PA	CG32732-RA	CG32732-RA	CG32732-RA	CG32732-RA	CZ467721	CZ468453	CZ469837	DmelCG32732	DmelCG32732	DmelCG32732	Dmel_CG32732	Dmel_CG32732	EC 2.1.1.43	FBan0032732	FBgn0029921	FBgn0029923	FBgn0052732	FBgn0052732	FBgn0052732	FBgn0052732	FBgn0052732	FBgn0052732	FBpp0070998	FBpp0070998	FBpp0070998	FBtr0071039	FBtr0071039	FBtr0071039	NM_167100	NM_167100.2	NP_727144	NP_727144	NP_727144.1	NP_727144.1	NP_727144.1	Q9W3U1	Q9W3U1	Q9W3U1	Q9W3U1_DROME	Q9W3U1_DROME	RE55639p	RE55639p	UPI000000C042	dme:Dmel_CG32732	uncharacterized protein
CG1785	7227.FBpp0071193	https://smart.embl.de/smart/DDvec.cgi?smart=478:Pfam_Nop53(14|422)+	Ribosome biogenesis protein NOP53; May play a role in ribosome biogenesis, being required for integration of the 5S RNP into the ribosomal large subunit	31810	31810	31810	58269	AAF46409.1	AAK92942.1	AI386923	AW940653	AY051518	CG1785	CG1785	CG1785	CG1785	CG1785	CG1785	CG1785	CG1785-PA	CG1785-PA	CG1785-PA	CG1785-PA	CG1785-RA	CG1785-RA	CG1785-RA	CG1785-RA	DmelCG1785	FBan0001785	FBgn0030061	FBgn0030061	FBgn0030061	FBgn0030061	FBgn0030061	FBgn0030061	FBpp0071193	FBpp0071193	FBpp0071193	FBtr0071250	FBtr0071250	FBtr0071250	NM_132274	NM_132274.2	NOP53_DROME	NOP53_DROME	NP_572502	NP_572502	NP_572502.1	NP_572502.1	NP_572502.1	Q9W3C2	Q9W3C2	Q9W3C2	Ribosome biogenesis protein NOP53	Ribosome biogenesis protein NOP53	UPI0000124D43	dme:Dmel_CG1785
CG4554	7227.FBpp0071744	https://smart.embl.de/smart/DDvec.cgi?smart=2733:Pfam_DRIM(838|1447)+COIL(2111|2144)+	CG4554; It is involved in the biological process described with: neurogenesis	37570	37570	37570	63186	AA694899	AAF46853.2	AAM11097.1	AI258858	AW941149	AY094744	BI572262	CG4554	CG4554	CG4554	CG4554	CG4554	CG4554	CG4554	CG4554	CG4554	CG4554-PA	CG4554-PA	CG4554-PA	CG4554-PA	CG4554-RA	CG4554-RA	CG4554-RA	CG4554-RA	CZ467665	DmelCG4554	Dmel_CG4554	Dmel_CG4554	FBan0004554	FBgn0034734	FBgn0034734	FBgn0034734	FBgn0034734	FBgn0034734	FBgn0034734	FBpp0071744	FBpp0071744	FBpp0071744	FBtr0071833	FBtr0071833	FBtr0071833	NM_137832	NM_137832.1	NP_611676	NP_611676	NP_611676.1	NP_611676.1	NP_611676.1	Q8T3N8	Q9W246	Q9W246	Q9W246	Q9W246_DROME	Q9W246_DROME	UPI000007A1B2	dme:Dmel_CG4554
Fib	7227.FBpp0071892	https://smart.embl.de/smart/DDvec.cgi?smart=344:Fibrillarin(113|340)+	rRNA 2'-O-methyltransferase fibrillarin; S-adenosyl-L-methionine-dependent methyltransferase that has the ability to methylate both RNAs and proteins. Involved in pre-rRNA processing. Utilizes the methyl donor S-adenosyl-L- methionine to catalyze the site-specific 2'-hydroxyl methylation of ribose moieties in pre-ribosomal RNA. Site specificity is provided by a guide RNA that base pairs with the substrate. Methylation occurs at a characteristic distance from the sequence involved in base pairing with the guide RNA. Also acts as a protein methyltransferase by mediating methylation of 'G [...] 	2.1.1.-	37662	37662	37662	63268	AA263992	AAF46950.1	AAN71493.1	ADR83715.1	AW941643	BI578713	BT001738	BT125830	CAA28903.1	CG9888	CG9888	CG9888	CG9888	CG9888	CG9888-PA	CG9888-PA	CG9888-RA	CG9888-RA	CG9888-RA	CG9888-RA	DmelCG9888	E4NKN3	EC 2.1.1.-	FBRL_DROME	FBRL_DROME	FBan0009888	FBgn0003062	FBgn0003062	FBgn0003062	FBgn0003062	FBgn0003062	FBgn0003062	FBpp0071892	FBpp0071892	FBpp0071892	FBtr0071982	FBtr0071982	FBtr0071982	Fib	Fib	Fib	Fib	Fib	Fib	Fib	Fib-PA	Fib-PA	Fib-PA	Fib-RA	Fibri	Fibri	Fibrillarin	Fibrillarin	GCR-6	GCR-6	GCR6	GCR6	Histone-glutamine methyltransferase	Histone-glutamine methyltransferase	NM_079093	NM_079093.2	NP_523817	NP_523817	NP_523817.1	NP_523817.1	NP_523817.1	Pen59C5	Q24348	Q24348	Q24348	Q8IGK5	Q8IGK5	Q8IGK5	Q9W1V3	Q9W1V3	Q9W1V3	UPI0000077F48	X05285	dme:Dmel_CG9888	fib	fib	fibrillarin	fibrillarin	pen59C5	rRNA 2'-O-methyltransferase fibrillarin	rRNA 2'-O-methyltransferase fibrillarin
CG32344	7227.FBpp0072475	https://smart.embl.de/smart/DDvec.cgi?smart=827:DEXDc(58|257)+HELICc(295|376)+COIL(491|517)+DBP10CT(666|721)+	LD28101p; ATP binding; RNA binding; ATP-dependent RNA helicase activity; helicase activity. It is involved in the biological process described with: neurogenesis	3.6.4.13	326208	326208	326208	AA949270	AAL68229.1	AAN11439.1	AW942798	AY075397	CG32344	CG32344	CG32344	CG32344	CG32344	CG32344	CG32344	CG32344	CG32344-PA	CG32344-PA	CG32344-PA	CG32344-PA	CG32344-RA	CG32344-RA	CG32344-RA	CG32344-RA	CG6994	CG6994	CG6994	DmRH20	DmRH20	DmRH20	DmRH20	DmelCG32344	DmelCG32344	DmelCG32344	Dmel_CG32344	Dmel_CG32344	EC 3.6.4.13	FBan0032344	FBgn0035130	FBgn0052344	FBgn0052344	FBgn0052344	FBgn0052344	FBgn0052344	FBgn0052344	FBpp0072475	FBpp0072475	FBpp0072475	FBtr0072576	FBtr0072576	FBtr0072576	LD28101p	LD28101p	NM_138184	NM_138184.4	NP_612028	NP_612028	NP_612028.4	NP_612028.4	NP_612028.4	Q8SY39	Q8SY39	Q8SY39	Q8SY39_DROME	Q8SY39_DROME	UPI0000083D91	cg6994	dme:Dmel_CG32344	uncharacterized protein
CG11583	7227.FBpp0073098	https://smart.embl.de/smart/DDvec.cgi?smart=356:Brix(50|232)+	Ribosome biogenesis protein BRX1 homolog; Required for biogenesis of the 60S ribosomal subunit	326206	326206	326206	77459	AAF47877.3	AAM50776.1	AY118916	BRX1_DROME	BRX1_DROME	Brix domain-containing protein 2 homolog	Brix domain-containing protein 2 homolog	CG11583	CG11583	CG11583	CG11583	CG11583	CG11583	CG11583	CG11583	CG11583-PA	CG11583-PA	CG11583-PA	CG11583-PA	CG11583-RA	CG11583-RA	CG11583-RA	CG11583-RA	CG32253	CG32253	CG32253-PA	CG32253-RA	CZ466918	CZ479268	CZ479269	DmelCG11583	FBan0032253	FBgn0035524	FBgn0035524	FBgn0035524	FBgn0035524	FBgn0035524	FBgn0035524	FBgn0052253	FBpp0073098	FBpp0073098	FBpp0073098	FBtr0073242	FBtr0073242	FBtr0073242	NM_001038900	NM_001038900.1	NP_001033989	NP_001033989	NP_001033989.1	NP_001033989.1	NP_001033989.1	Q8MSC3	Q8MSC3	Q8MSC3	Q9VZE6	Q9VZE6	Q9VZE6	Ribosome biogenesis protein BRX1 homolog	Ribosome biogenesis protein BRX1 homolog	UPI0000007299	dme:Dmel_CG11583	uncharacterized protein
Rtc1	7227.FBpp0073651	https://smart.embl.de/smart/DDvec.cgi?smart=384:Pfam_RTC_insert(187|294)+	Probable RNA 3'-terminal phosphate cyclase-like protein; Does not have cyclase activity. Plays a role in 40S- ribosomal-subunit biogenesis in the early pre-rRNA processing steps at sites A0, A1 and A2 that are required for proper maturation of the 18S RNA (By similarity)	32338	32338	32338	AAF48313.2	AAL13991.1	AI531728	AW944274	AY058762	CAB55765.1	CG11130	CG11130	CG11130	CG11130	CG11130	CG11130-PA	CG11130-PA	CG11130-RA	CG11130-RA	CG11130-RA	CG11130-RA	DmelCG11130	FBan0011130	FBgn0020909	FBgn0020909	FBgn0020909	FBgn0020909	FBgn0020909	FBgn0020909	FBpp0073651	FBpp0073651	FBpp0073651	FBtr0073820	FBtr0073820	FBtr0073820	M15898	NM_132691	NM_132691.3	NP_572919	NP_572919	NP_572919.1	NP_572919.1	NP_572919.1	P56175	P56175	P56175	Q95TH8	Q95TH8	Q95TH8	Q9VY90	Q9VY90	Q9VY90	RCL1	RCL1	RCL1_DROME	RCL1_DROME	RTC2	RTC2	Rtc1	Rtc1	Rtc1	Rtc1	Rtc1	Rtc1	Rtc1	Rtc1	Rtc1	Rtc1	Rtc1-PA	Rtc1-PA	Rtc1-PA	Rtc1-RA	UPI00000072B5	X04754	dme:Dmel_CG11130
CG2691	7227.FBpp0073679	https://smart.embl.de/smart/DDvec.cgi?smart=1384:Pfam_NUC173(502|700)+	RRP12-like protein; It is involved in the biological process described with: neuron projection morphogenesis	32320	32320	32320	58697	AA950362	AAF48296.2	AAK93177.1	ACS54297.1	ACX54922.1	AW942914	AY051753	BT088845	BT100014	C5WLN0	C9QPD2	CG2691	CG2691	CG2691	CG2691	CG2691	CG2691	CG2691	CG2691-PA	CG2691-PA	CG2691-PA	CG2691-PA	CG2691-PB	CG2691-RA	CG2691-RA	CG2691-RA	CG2691-RA	CL525992	DmelCG2691	FBan0002691	FBgn0030504	FBgn0030504	FBgn0030504	FBgn0030504	FBgn0030504	FBgn0030504	FBpp0073679	FBpp0073679	FBpp0073679	FBtr0073848	FBtr0073848	FBtr0073848	NM_132678	NM_132678.2	NP_001285218	NP_001285218.1	NP_001285218.1	NP_572906	NP_572906.2	NP_572906.2	NP_572906.2	Q960Z7	Q960Z7	Q960Z7	Q9VYA7	Q9VYA7	Q9VYA7	RRP12-like protein	RRP12-like protein	RRP12_DROME	RRP12_DROME	UPI00000814F0	dme:Dmel_CG2691
CG9281	7227.FBpp0073872	https://smart.embl.de/smart/DDvec.cgi?smart=611:COIL(35|58)+AAA(98|291)+AAA(412|580)+	CG9281, isoform B; ATPase activity, coupled to transmembrane movement of substances; ATP binding; transporter activity	32508	32508	32508	58858	AA202750	AA821206	AAF48493.1	AAL28607.1	AAL39441.1	AAN09361.1	AI518653	AI519024	AI945391	AW941514	AY061059	AY069296	BEST:LD38280	BEST:LD38280	BEST:LD38280	BEST:LD38280	BH740691	BH740692	CG9281	CG9281	CG9281	CG9281	CG9281	CG9281	CG9281	CG9281, isoform B	CG9281, isoform B	CG9281, isoform C	CG9281, isoform C	CG9281, isoform D	CG9281, isoform D	CG9281-PB	CG9281-PB	CG9281-PB	CG9281-PB	CG9281-PC	CG9281-PC	CG9281-PC	CG9281-PD	CG9281-RB	CG9281-RB	CG9281-RB	CG9281-RB	CG9281-RC	CG9281-RC	CL844444	DmelCG9281	DmelCG9281	DmelCG9281	Dmel_CG9281	Dmel_CG9281	FBan0009281	FBgn0030672	FBgn0030672	FBgn0030672	FBgn0030672	FBgn0030672	FBgn0030672	FBgn0045783	FBpp0073872	FBpp0073872	FBpp0073872	FBpp0073873	FBpp0073873	FBtr0074056	FBtr0074056	FBtr0074056	FBtr0074057	FBtr0074057	LD02975p	LD02975p	NM_132829	NM_132829.2	NM_167458	NM_167458.2	NP_001285284	NP_001285284.1	NP_001285284.1	NP_573057	NP_573057.1	NP_573057.1	NP_573057.1	NP_727881	NP_727881.1	NP_727881.1	NP_727881.1	Q8T9H2	Q9VXR5	Q9VXR5	Q9VXR5	Q9VXR5_DROME	Q9VXR5_DROME	UPI0000080659	dme:Dmel_CG9281
CG8939	7227.FBpp0073943	https://smart.embl.de/smart/DDvec.cgi?smart=817:Pfam_FtsJ(24|200)+Pfam_DUF3381(234|387)+Pfam_Spb1_C(582|803)+	Putative rRNA methyltransferase; Probable methyltransferase involved in the maturation of rRNA and in the biogenesis of ribosomal subunits	2'-O-ribose RNA methyltransferase SPB1 homolog	2'-O-ribose RNA methyltransferase SPB1 homolog	2.1.1.-	32568	32568	32568	58912	AA820218	AAF48557.1	AAL39663.1	AI455361	AY069518	CG8939	CG8939	CG8939	CG8939	CG8939	CG8939	CG8939	CG8939-PA	CG8939-PA	CG8939-PA	CG8939-PA	CG8939-RA	CG8939-RA	CG8939-RA	CG8939-RA	DmelCG8939	DmelCG8939	DmelCG8939	Dmel_CG8939	Dmel_CG8939	EC 2.1.1.-	FBan0008939	FBgn0030720	FBgn0030720	FBgn0030720	FBgn0030720	FBgn0030720	FBgn0030720	FBpp0073943	FBpp0073943	FBpp0073943	FBtr0074138	FBtr0074138	FBtr0074138	NM_132871	NM_132871.2	NP_573099	NP_573099	NP_573099.1	NP_573099.1	NP_573099.1	Putative rRNA methyltransferase	Putative rRNA methyltransferase	Q9VXK5	Q9VXK5	Q9VXK5	Q9VXK5_DROME	Q9VXK5_DROME	UPI000007A6B8	dSpb1	dSpb1	dme:Dmel_CG8939
CG5589	7227.FBpp0074936	https://smart.embl.de/smart/DDvec.cgi?smart=594:DEXDc(138|343)+HELICc(377|461)+	CG5589; mRNA binding; ATP binding; ATP-dependent RNA helicase activity; Belongs to the DEAD box helicase family	3.6.4.13	39979	39979	39979	65264	AAF49303.1	ACI46551.1	AFH41849.1	AI520511	AW943525	AY075419	B5X544	BT046163	BT133390	CG5589	CG5589	CG5589	CG5589	CG5589	CG5589	CG5589	CG5589	CG5589	CG5589-PA	CG5589-PA	CG5589-PA	CG5589-PA	CG5589-RA	CG5589-RA	CG5589-RA	CG5589-RA	CZ485413	CZ488803	DmRH17	DmRH17	DmRH17	DmRH17	DmelCG5589	DmelCG5589	DmelCG5589	Dmel_CG5589	Dmel_CG5589	EC 3.6.4.13	FBan0005589	FBgn0036754	FBgn0036754	FBgn0036754	FBgn0036754	FBgn0036754	FBgn0036754	FBpp0074936	FBpp0074936	FBpp0074936	FBtr0075170	FBtr0075170	FBtr0075170	H9ZYP2	NM_140752	NM_140752.2	NP_649009	NP_649009	NP_649009.1	NP_649009.1	NP_649009.1	Q9VVK8	Q9VVK8	Q9VVK8	Q9VVK8_DROME	Q9VVK8_DROME	UPI0000082475	cg5589	cg5589	dme:Dmel_CG5589
CG7728	7227.FBpp0075034	https://smart.embl.de/smart/DDvec.cgi?smart=1159:AARP2CN(236|322)+COIL(370|401)+DUF663(685|994)+COIL(1107|1156)+	LD38375p; It is involved in the biological process described with: ribosome biogenesis; neurogenesis	39904	39904	39904	AAF49383.1	AAL28995.1	AI519088	AW943420	AY061447	BH610036	CG7728	CG7728	CG7728	CG7728	CG7728	CG7728	CG7728	CG7728	CG7728	CG7728-PA	CG7728-PA	CG7728-PA	CG7728-PA	CG7728-RA	CG7728-RA	CG7728-RA	CG7728-RA	DmelCG7728	DmelCG7728	DmelCG7728	Dmel_CG7728	Dmel_CG7728	FBan0007728	FBgn0036686	FBgn0036686	FBgn0036686	FBgn0036686	FBgn0036686	FBgn0036686	FBpp0075034	FBpp0075034	FBpp0075034	FBtr0075274	FBtr0075274	FBtr0075274	LD38375p	LD38375p	NM_140688	NM_140688.2	NP_648945	NP_648945	NP_648945.1	NP_648945.1	NP_648945.1	Q9VVC9	Q9VVC9	Q9VVC9	Q9VVC9_DROME	Q9VVC9_DROME	UPI0000082C29	dme:Dmel_CG7728
CG12301	7227.FBpp0075317	https://smart.embl.de/smart/DDvec.cgi?smart=771:Pfam_Utp14(1|741)+	LD31322p; It is involved in the biological process described with: rRNA processing; mushroom body development; neurogenesis	39689	39689	39689	65008	AA951049	AAF49613.2	AAL39721.1	ADQ26849.1	ADQ26850.1	ADQ26851.1	ADQ26852.1	ADQ26853.1	ADQ26854.1	ADQ26855.1	ADQ26856.1	ADQ26857.1	ADQ26858.1	ADQ26859.1	ADQ26860.1	AW943079	AY069576	CG12301	CG12301	CG12301	CG12301	CG12301	CG12301	CG12301	CG12301	CG12301-PA	CG12301-PA	CG12301-PA	CG12301-PA	CG12301-RA	CG12301-RA	CG12301-RA	CG12301-RA	DmelCG12301	DmelCG12301	DmelCG12301	Dmel_CG12301	Dmel_CG12301	E5KYP6	E5KYP7	E5KYP8	E5KYP9	E5KYQ0	E5KYQ1	E5KYQ5	E5KYQ7	FBan0012301	FBgn0036514	FBgn0036514	FBgn0036514	FBgn0036514	FBgn0036514	FBgn0036514	FBpp0075317	FBpp0075317	FBpp0075317	FBtr0075564	FBtr0075564	FBtr0075564	HQ262615	HQ262616	HQ262617	HQ262618	HQ262619	HQ262620	HQ262621	HQ262622	HQ262623	HQ262624	HQ262625	HQ262626	LD31322p	LD31322p	NM_140524	NM_140524.3	NP_648781	NP_648781	NP_648781.1	NP_648781.1	NP_648781.1	Q9VUR2	Q9VUR2	Q9VUR2	Q9VUR2_DROME	Q9VUR2_DROME	UPI000007BE66	dme:Dmel_CG12301	uncharacterized protein
CG8368	7227.FBpp0076685	https://smart.embl.de/smart/DDvec.cgi?smart=681:EXOIII(355|515)+	CG8368, isoform A; Exonuclease activity; nucleic acid binding	3.1.-.-	38740	38740	38740	64190	AA141430	AA141431	AAF50654.1	AAN12085.1	AAZ41783.1	AI944952	AI945868	AI945927	BF497840	BT023775	CG8368	CG8368	CG8368	CG8368	CG8368	CG8368	CG8368	CG8368, isoform A	CG8368, isoform A	CG8368, isoform B	CG8368, isoform B	CG8368-PA	CG8368-PA	CG8368-PA	CG8368-PB	CG8368-PB	CG8368-PB	CG8368-PB	CG8368-RA	CG8368-RA	CG8368-RA	CG8368-RA	CG8368-RB	CG8368-RB	CZ469115	CZ469116	DmelCG8368	DmelCG8368	DmelCG8368	Dmel_CG8368	Dmel_CG8368	EC 3.1.-.-	FBan0008368	FBgn0035707	FBgn0035707	FBgn0035707	FBgn0035707	FBgn0035707	FBgn0035707	FBpp0076685	FBpp0076685	FBpp0076685	FBpp0076686	FBpp0076686	FBtr0076976	FBtr0076976	FBtr0076976	FBtr0076977	FBtr0076977	LD29573p	LD29573p	NM_139793	NM_139793.1	NM_168172	NM_168172.1	NP_648050	NP_648050	NP_648050.1	NP_648050.1	NP_648050.1	NP_729177	NP_729177.1	NP_729177.1	NP_729177.1	Q9VRX7	Q9VRX7	Q9VRX7	Q9VRX7_DROME	Q9VRX7_DROME	RNase H-like	UPI000007937E	dme:Dmel_CG8368
CG32409	7227.FBpp0076738	https://smart.embl.de/smart/DDvec.cgi?smart=349:Pfam_RRS1(28|190)+	Ribosome biogenesis regulatory protein; Involved in ribosomal large subunit assembly	318016	318016	318016	76649	A0APC8	A0APD0	A0APD1	A0APD3	A0APD6	AA820726	AAM52679.1	AAN12230.2	AAV36969.1	AI455504	AM294516	AM294517	AM294518	AM294519	AM294520	AM294521	AM294522	AM294523	AM294524	AM294525	AM294526	AY122167	BT016084	BcDNA:LD24586	BcDNA:LD24586	BcDNA:LD24586	BcDNA:LD24586	C0MJR6	CAL26459.1	CAL26460.1	CAL26461.1	CAL26462.1	CAL26464.1	CAL26468.1	CAL26473.1	CAL26480.1	CAL26487.1	CAL26493.1	CAL26499.1	CAR93507.1	CAR93508.1	CAR93509.1	CAR93510.1	CAR93511.1	CAR93512.1	CAR93513.1	CAR93514.1	CAR93515.1	CAR93516.1	CAR93517.1	CG32409	CG32409	CG32409	CG32409	CG32409	CG32409	CG32409	CG32409	CG32409-PA	CG32409-PA	CG32409-PA	CG32409-PA	CG32409-RA	CG32409-RA	CG32409-RA	CG32409-RA	CZ468904	DmelCG32409	DmelCG32409	DmelCG32409	Dmel_CG32409	Dmel_CG32409	FBan0032409	FBgn0052409	FBgn0052409	FBgn0052409	FBgn0052409	FBgn0052409	FBgn0052409	FBgn0063150	FBpp0076738	FBpp0076738	FBpp0076738	FBtr0077030	FBtr0077030	FBtr0077030	FM245581	FM245582	FM245583	FM245584	FM245585	FM245586	FM245587	FM245588	FM245589	FM245590	FM245591	NM_168144	NM_168144.2	NP_729108	NP_729108	NP_729108.2	NP_729108.2	NP_729108.2	Q5U108	Q8I937	Q8I937	Q8I937	Q8I937_DROME	Q8I937_DROME	Q8MR24	Ribosome biogenesis regulatory protein	Ribosome biogenesis regulatory protein	UPI00001E189A	dme:Dmel_CG32409	uncharacterized protein
CG10576	7227.FBpp0076827	https://smart.embl.de/smart/DDvec.cgi?smart=391:Pfam_Peptidase_M24(19|326)+	Uncharacterized protein, isoform A; Aminopeptidase activity	38645	38645	38645	64106	AA140843	AA950591	AAF50751.1	AAN12106.1	AAV36985.2	AQ073872	AW943029	BEST:CK00496	BEST:CK00496	BEST:CK00496	BEST:CK00496	BT016100	CG10576	CG10576	CG10576	CG10576	CG10576	CG10576	CG10576	CG10576	CG10576-PA	CG10576-PA	CG10576-PA	CG10576-PA	CG10576-PC	CG10576-PD	CG10576-RA	CG10576-RA	CG10576-RA	CG10576-RA	CL528047	DmelCG10576	DmelCG10576	DmelCG10576	Dmel_CG10576	Dmel_CG10576	FBan0010576	FBgn0035630	FBgn0035630	FBgn0035630	FBgn0035630	FBgn0035630	FBgn0035630	FBgn0046317	FBpp0076827	FBpp0076827	FBpp0076827	FBtr0077121	FBtr0077121	FBtr0077121	M24.973	NM_139727	NM_139727.2	NP_001286949	NP_001286949.1	NP_001286949.1	NP_647984	NP_647984.1	NP_647984.1	NP_647984.1	NP_729089.2	NP_729089.2	Q5U0Z2	Q8IQ61	Q9VRP2	Q9VRP2	Q9VRP2	Q9VRP2_DROME	Q9VRP2_DROME	UPI000007CD96	Uncharacterized protein, isoform A	Uncharacterized protein, isoform A	Uncharacterized protein, isoform C	Uncharacterized protein, isoform C	Uncharacterized protein, isoform D	Uncharacterized protein, isoform D	dme:Dmel_CG10576	proliferation-associated protein	uncharacterized protein, isoform D
pen	7227.FBpp0076918	https://smart.embl.de/smart/DDvec.cgi?smart=737:COIL(114|139)+Pumilio(167|202)+Pumilio(203|238)+Pumilio(388|425)+Pumilio(426|457)+	Protein penguin; RNA binding. It is involved in the biological process described with: apposition of dorsal and ventral imaginal disc-derived wing surfaces	33112	33112	33112	59390	AA735435	AAC28403.1	AAD34753.1	AAF50828.1	AF132165	AI455125	CG1685	CG1685	CG1685	CG1685	CG1685	CG1685-PA	CG1685-PA	CG1685-RA	CG1685-RA	CG1685-RA	CG1685-RA	DmelCG1685	FBan0001685	FBgn0015527	FBgn0015527	FBgn0015527	FBgn0015527	FBgn0015527	FBgn0015527	FBpp0076918	FBpp0076918	FBpp0076918	FBtr0077223	FBtr0077223	FBtr0077223	NM_078705	NM_078705.2	NP_523429	NP_523429	NP_523429.1	NP_523429.1	NP_523429.1	O61345	O61345	O61345	PENG_DROME	PENG_DROME	Penguin	Protein penguin	Protein penguin	Q9VRH2	Q9VRH2	Q9VRH2	UPI0000124D31	dme:Dmel_CG1685	pen	pen	pen	pen	pen	pen	pen-PA	pen-PA	pen-PA	pen-RA	peng	peng	peng	penguin	penguin
l(1)G0004	7227.FBpp0076990	https://smart.embl.de/smart/DDvec.cgi?smart=240:KH(145|218)+	RNA-binding protein pno1; mRNA binding; RNA binding. It is involved in the biological process described with: neurogenesis	33033	33033	33033	59324	AA735642	AAF50915.1	AAG17061.1	AAL28852.1	AF188892	AJ427025	AW942605	AY061304	CG11738	CG11738	CG11738	CG11738	CG11738	CG11738-PA	CG11738-PA	CG11738-RA	CG11738-RA	DmelCG11738	FBan0011738	FBgn0027334	FBgn0027334	FBgn0027334	FBgn0027334	FBgn0027334	FBgn0027334	FBgn0031105	FBpp0076990	FBpp0076990	FBpp0076990	FBtr0077298	FBtr0077298	FBtr0077298	Lethal (1) G0004	NM_134543	NM_134543.2	NP_608387	NP_608387	NP_608387.1	NP_608387.1	NP_608387.1	PNO1_DROME	PNO1_DROME	Q9VR89	Q9VR89	Q9VR89	RNA-binding protein pno1	RNA-binding protein pno1	UPI0000082917	dme:Dmel_CG11738	l(1)G0004	l(1)G0004	l(1)G0004	l(1)G0004	l(1)G0004	l(1)G0004	l(1)G0004	l(1)G0004-PA	l(1)G0004-PA	l(1)G0004-PA	l(1)G0004-RA	lethal (1) G0004	lethal (1) G0004	unnamed
CG12975	7227.FBpp0077965	https://smart.embl.de/smart/DDvec.cgi?smart=124:Pfam_Trm112p(2|113)+	Multifunctional methyltransferase subunit TRM112-like protein; Acts as an activator of both RNA and protein methyltransferases	40343	40343	40343	65592	AAF51690.1	AAL49161.1	AY071539	BI371013	BcDNA:RE57810	BcDNA:RE57810	CG12975	CG12975	CG12975	CG12975	CG12975	CG12975	CG12975	CG12975	CG12975-PA	CG12975-PA	CG12975-PA	CG12975-PA	CG12975-RA	CG12975-RA	CG12975-RA	CG12975-RA	CZ479163	CZ487854	CZ487855	DmelCG12975	FBan0012975	FBgn0037061	FBgn0037061	FBgn0037061	FBgn0037061	FBgn0037061	FBgn0037061	FBgn0047083	FBpp0077965	FBpp0077965	FBpp0077965	FBtr0078309	FBtr0078309	FBtr0078309	NM_141036	NM_141036.3	NP_649293	NP_649293	NP_649293.1	NP_649293.1	NP_649293.1	Q9VP65	Q9VP65	Q9VP65	TR112_DROME	TR112_DROME	UPI000008106A	dme:Dmel_CG12975	tRNA methyltransferase 112 homolog	tRNA methyltransferase 112 homolog	uncharacterized protein
CG7338	7227.FBpp0077998	https://smart.embl.de/smart/DDvec.cgi?smart=814:COIL(46|78)+AARP2CN(235|317)+DUF663(492|779)+	Pre-rRNA-processing protein TSR1 homolog; Required during maturation of the 40S ribosomal subunit in the nucleolus	40360	40360	40360	65608	AA949536	AAF51709.1	AAL13820.1	AAO24947.1	ACH92157.1	AW942884	AY058591	B5RIG8	B5RIG8	B5RIG8	BI373530	BT003192	BT044092	CG7338	CG7338	CG7338	CG7338	CG7338	CG7338	CG7338	CG7338-PA	CG7338-PA	CG7338-PA	CG7338-PA	CG7338-RA	CG7338-RA	CG7338-RA	CG7338-RA	DmelCG7338	FBan0007338	FBgn0037073	FBgn0037073	FBgn0037073	FBgn0037073	FBgn0037073	FBgn0037073	FBpp0077998	FBpp0077998	FBpp0077998	FBtr0078342	FBtr0078342	FBtr0078342	NM_141047	NM_141047.3	NP_649304	NP_649304	NP_649304.1	NP_649304.1	NP_649304.1	Pre-rRNA-processing protein TSR1 homolog	Pre-rRNA-processing protein TSR1 homolog	Q86PD4	Q86PD4	Q86PD4	Q95TR7	Q95TR7	Q95TR7	Q9VP47	Q9VP47	Q9VP47	TSR1_DROME	TSR1_DROME	Tsr1	Tsr1 ribosome assembly factor	UPI000007C081	dme:Dmel_CG7338
kra	7227.FBpp0078393	https://smart.embl.de/smart/DDvec.cgi?smart=422:eIF5C(326|411)+	Krasavietz (Kra) is a translational regulator that is able to interact with the translation initiation factor eIF-2beta. Kra is involved in axon guidance, long-term memory, and alcohol addiction	40680	40680	40680	65886	A4V2F9	A4V2F9	A4V2F9	AA391055	AA439703	AA697033	AA735439	AAF51995.1	AAF51996.1	AAG22214.1	AAK01218.1	AAL13734.1	AAN13246.1	AAN13247.1	AAN13248.1	AAN13249.1	AF325529	AI403708	AI455126	AI456129	AI945588	AI945813	AQ026184	AQ026337	AQ073043	AQ073893	AQ254887	AX260087	AY058505	BE662147	BE662226	CG2922	CG2922	CG2922	CG2922	CG2922	CG2922-PA	CG2922-PA	CG2922-PB	CG2922-PB	CG2922-PC	CG2922-PC	CG2922-PD	CG2922-PD	CG2922-PE	CG2922-PE	CG2922-PF	CG2922-PF	CG2922-PG	CG2922-PG	CG2922-RA	CG2922-RA	CG2922-RB	CG2922-RB	CG2922-RB	CG2922-RB	CG2922-RC	CG2922-RC	CG2922-RD	CG2922-RD	CG2922-RE	CG2922-RE	CG2922-RF	CG2922-RF	CG2922-RG	CG2922-RG	CL844387	CT7240	CT7240	CZ467237	CZ470294	CZ472113	CZ472191	CZ472405	CZ472406	CZ476335	CZ477206	CZ487952	CZ487953	Decp	Decp	DmelCG2922	Drosophila eIF5C-containing protein	Exba	Exba	Extra bases	FBan0002922	FBgn0010791	FBgn0011418	FBgn0037346	FBgn0046382	FBgn0061514	FBgn0250753	FBgn0250753	FBgn0250753	FBgn0250753	FBgn0250753	FBgn0250753	FBpp0078393	FBpp0078393	FBpp0078393	FBpp0078394	FBpp0078394	FBpp0078395	FBpp0078395	FBpp0078396	FBpp0078396	FBpp0078397	FBpp0078397	FBpp0078398	FBpp0078398	FBpp0078399	FBpp0078399	FBtr0078744	FBtr0078744	FBtr0078744	FBtr0078745	FBtr0078745	FBtr0078746	FBtr0078746	FBtr0078747	FBtr0078747	FBtr0078748	FBtr0078748	FBtr0078749	FBtr0078749	FBtr0078750	FBtr0078750	Kra	NM_079514	NM_079514.2	NM_169074	NM_169074.1	NM_169075	NM_169075.1	NM_169076	NM_169076.1	NM_169077	NM_169077.1	NM_169078	NM_169078.1	NM_169079	NM_169079.1	NP_524238	NP_524238	NP_524238.1	NP_524238.1	NP_524238.1	NP_730958	NP_730958.1	NP_730958.1	NP_730958.1	NP_730959	NP_730959.1	NP_730959.1	NP_730959.1	NP_730960	NP_730960.1	NP_730960.1	NP_730960.1	NP_730961	NP_730961.1	NP_730961.1	NP_730961.1	NP_730962	NP_730962.1	NP_730962.1	NP_730962.1	NP_730963	NP_730963.1	NP_730963.1	NP_730963.1	PKRA_DROME	PKRA_DROME	Protein extra bases	Protein extra bases	Protein krasavietz	Protein krasavietz	Q9VNE2	Q9VNE2	Q9VNE2	UPI000000741C	anon-WO0172774.49	anon-WO0172774.49	dme:Dmel_CG2922	eIF	eIF	eIF-5C	eIF-5C	eIF-5C	eIF-5C	eIF-5C-PA	eIF-5C-PB	eIF-5C-PC	eIF-5C-PD	eIF-5C-PE	eIF-5C-PF	eIF-5C-PG	eIF-5C-RA	eIF-5C-RB	eIF-5C-RC	eIF-5C-RD	eIF-5C-RE	eIF-5C-RF	eIF-5C-RG	eIF5	eIF5	eIF5c	ecp	ecp	ecp	ecp	elF-5C	elF-5C	elF5C	elF5C	eukaryotic initiation factor 5C	exba	exba	exba	exba	exba	exba-PA	exba-PB	exba-PC	exba-PD	exba-PE	exba-PF	exba-PG	exba-RA	exba-RB	exba-RC	exba-RD	exba-RE	exba-RF	exba-RG	extra bases	extra bses	extra-bases	kra	kra	kra	kra	kra	kra-PA	kra-PA	kra-PB	kra-PC	kra-PD	kra-PE	kra-PF	kra-PG	krasavietz	krasavietz, isoform G	l(3)03022	l(3)03022	l(3)j9B6	l(3)j9B6	lethal (3) j9B6
srl	7227.FBpp0078586	https://smart.embl.de/smart/DDvec.cgi?smart=1067:RRM(917|983)+	Spargel, isoform B; mRNA binding; nucleotide binding; nucleic acid binding. It is involved in the biological process described with: insulin receptor signaling pathway; regulation of mitochondrion organization; tissue homeostasis; regulation of transcription, DNA-templated; negative regulation of insulin receptor signaling pathway; positive regulation of cell growth; energy homeostasis	40562	40562	40562	65781	AAN13314.2	AAN13315.3	AAN71135.1	AAR30179.1	AAV36894.1	AEX98029.1	AI063184	AW940105	BI216903	BI372685	BT001380	BT011019	BT016009	BT133109	BZ286317	CG 9809	CG 9809	CG 9809	CG9809	CG9809	CG9809	CG9809	CG9809-PB	CG9809-PB	CG9809-PD	CG9809-PD	CG9809-RA	CG9809-RB	CG9809-RB	CG9809-RB	CG9809-RB	CG9809-RD	CG9809-RD	CL610175	CZ470137	CZ473974	DmelCG9809	DmelCG9809	DmelCG9809	Dmel_CG9809	Dmel_CG9809	FBan0009809	FBgn0037248	FBgn0037248	FBgn0037248	FBgn0037248	FBgn0037248	FBgn0037248	FBpp0078586	FBpp0078586	FBpp0078586	FBpp0290462	FBpp0290462	FBtr0078946	FBtr0078946	FBtr0078946	FBtr0301244	FBtr0301244	FI18188p1	FI18188p1	NM_168996	NM_168996.4	NM_168997	NM_168997.4	NP_649469	NP_649469.2	NP_649469.2	NP_730835	NP_730835.2	NP_730835.2	NP_730835.2	NP_730836	NP_730836.3	PGC-1	PGC-1	PGC-1-alpha	PGC-1-alpha	PGC-1-alpha	Q5U183	Q6NPA7	Q8IH74	Q8IPM0	Q8IPM1	Q8IPM1	Q8IPM1	Q8IPM1_DROME	Q8IPM1_DROME	Spargel	Spargel	Spargel	Spargel	Spargel	Spargel	Spargel	Spargel	Spargel, isoform B	Spargel, isoform B	Spargel, isoform E	Spargel, isoform E	Spargel-PB	Spargel-PD	Spargel-RB	Spargel-RB	Spargel-RB	Spargel-RD	Srl	Srl	Srl	Srl	UPI0000007443	UPI0000228696	cg9809	dPCG1alpha	dPCG1alpha	dPGC	dPGC	dPGC	dPGC	dPGC-1	dPGC-1	dPGC-1	dPGC-1	dPGC1	dPGC1	dme:Dmel_CG9809	spargel	spargel, isoform E	srl	srl	srl	srl	srl-PB	srl-PB	srl-PD	srl-PE
Aatf	7227.FBpp0078929	https://smart.embl.de/smart/DDvec.cgi?smart=488:Pfam_AATF-Che1(210|337)+Pfam_TRAUB(405|487)+	Protein Aatf; May function as a general inhibitor of the histone deacetylase HDAC1	33943	33943	33943	60096	AA950741	AAF52427.1	AAL48897.1	AATF_DROME	AATF_DROME	AX094066	AY071275	Aatf	Aatf	Aatf	Aatf	Aatf-PA	Aatf-PA	BI234907	CG11188	CG11188	CG11188	CG11188	CG11188	CG11188	CG11188-PA	CG11188-PA	CG11188-RA	CG11188-RA	CG11188-RA	CG11188-RA	CL943549	CZ480827	DmelCG11188	FBan0011188	FBgn0031851	FBgn0031851	FBgn0031851	FBgn0031851	FBgn0031851	FBgn0031851	FBgn0062181	FBpp0078929	FBpp0078929	FBpp0078929	FBtr0079299	FBtr0079299	FBtr0079299	NM_135222	NM_135222.2	NP_609066	NP_609066	NP_609066.1	NP_609066.1	NP_609066.1	Protein Aatf	Protein Aatf	Q9VM95	Q9VM95	Q9VM95	UPI000007996B	anon-WO0118547.190	anon-WO0118547.190	apoptosis antagonizing transcription factor	dme:Dmel_CG11188
nop5	7227.FBpp0078997	https://smart.embl.de/smart/DDvec.cgi?smart=511:Pfam_NOP5NT(2|66)+NOSIC(162|214)+COIL(460|490)+	CG10206-PA; It is involved in the biological process described with: rRNA processing	2	2	2/30	2/30	30	30	33966	33966	33966	60117	A0ANY9	A0ANZ0	AA978785	AAF52455.2	AAL28949.1	AJ249465	AM294373	AM294374	AM294375	AM294376	AM294377	AM294378	AM294379	AM294380	AW943155	AY061401	CAB60723.1	CAL26303.1	CAL26304.1	CAL26305.1	CAL26306.1	CAL26307.1	CAL26308.1	CAL26309.1	CAL26310.1	CAR93372.1	CAR93373.1	CAR93374.1	CAR93375.1	CAR93376.1	CAR93377.1	CAR93378.1	CAR93379.1	CAR93380.1	CG10206	CG10206	CG10206	CG10206	CG10206	CG10206-PA	CG10206-PA	CG10206-PA	CG10206-PA	CG10206-RA	CG10206-RA	CG10206-RA	DNOP5	DNOP5	DNOP5	DmelCG10206	DmelCG10206	DmelCG10206	Dmel_CG10206	Dmel_CG10206	Dnop5	Dnop5	Dnop5	FBan0010206	FBgn0022271	FBgn0026196	FBgn0026196	FBgn0026196	FBgn0026196	FBgn0026196	FBgn0026196	FBgn0026196	FBgn0026196	FBgn0026196	FBgn0026196	FBpp0078997	FBpp0078997	FBpp0078997	FBtr0079369	FBtr0079369	FBtr0079369	FM245446	FM245447	FM245448	FM245449	FM245450	FM245451	FM245452	FM245453	FM245454	LD32943p	LD32943p	NM_058064	NM_058064.4	NOP5	NOP5	NOP5	NP_477412	NP_477412	NP_477412.1	NP_477412.1	NP_477412.1	Nop5	Nop5	Nop5	Nop5	Nop5	Nop5	Q9U5W4	Q9VM69	Q9VM69	Q9VM69	Q9VM69_DROME	Q9VM69_DROME	UPI000007E6C5	dme:Dmel_CG10206	nop5	nop5	nop5	nop5	nop5	nop5	nop5	nop5	nop5	nop5-PA	nop5-PA	nop5-PA	nop5-RA	unnamed
CG13773	7227.FBpp0079000	http://smart.embl.de/smart/DDt.cgi?smart=253:	annotation not available	33963	33963	33963	AAF52451.1	AI404014	AW940911	AY075347	BEST:GH23590	BEST:GH23590	BEST:GH23590	BEST:GH23590	BEST:GH23590-RA	CG13773	CG13773	CG13773	CG13773	CG13773	CG13773	CG13773	CG13773	CG13773-PA	CG13773-PA	CG13773-PA	CG13773-PA	CG13773-RA	CG13773-RA	CG13773-RA	CG13773-RA	CZ487123	CZ488196	DmelCG13773	DmelCG13773	DmelCG13773	Dmel_CG13773	Dmel_CG13773	FBan0013773	FBgn0031867	FBgn0042092	FBgn0042092	FBgn0042092	FBgn0042092	FBgn0042092	FBgn0042092	FBpp0079000	FBpp0079000	FBpp0079000	FBtr0079372	FBtr0079372	FBtr0079372	NM_135237	NM_135237.2	NP_609081	NP_609081	NP_609081.1	NP_609081.1	NP_609081.1	Q9VM72	Q9VM72	Q9VM72	Q9VM72_DROME	Q9VM72_DROME	UPI00000749E0	Uncharacterized protein	Uncharacterized protein	dme:Dmel_CG13773	uncharacterized protein
CG13097	7227.FBpp0079305	https://smart.embl.de/smart/DDvec.cgi?smart=662:Pfam_Mpp10(22|639)+	U3 small nucleolar ribonucleoprotein protein MPP10; Involved in nucleolar processing of pre-18S ribosomal RNA	34184	34184	34184	60304	AAF52688.1	AAL48181.1	AI531704	AY070710	CG13097	CG13097	CG13097	CG13097	CG13097	CG13097	CG13097	CG13097	CG13097-PA	CG13097-PA	CG13097-PA	CG13097-PA	CG13097-RA	CG13097-RA	CG13097-RA	CG13097-RA	CZ469291	CZ471324	DmelCG13097	DmelCG13097	DmelCG13097	Dmel_CG13097	Dmel_CG13097	FBan0013097	FBgn0032051	FBgn0032051	FBgn0032051	FBgn0032051	FBgn0032051	FBgn0032051	FBpp0079305	FBpp0079305	FBpp0079305	FBtr0079697	FBtr0079697	FBtr0079697	NM_135393	NM_135393.2	NP_609237	NP_609237	NP_609237.1	NP_609237.1	NP_609237.1	Q9VLK1	Q9VLK1	Q9VLK1	Q9VLK1_DROME	Q9VLK1_DROME	UPI000007A3BF	dme:Dmel_CG13097	uncharacterized protein
CG13096	7227.FBpp0079306	https://smart.embl.de/smart/DDvec.cgi?smart=681:Pfam_Ribosomal_L1(257|503)+	Ribosomal L1 domain-containing protein CG13096; RNA binding; Belongs to the universal ribosomal protein uL1 family. Highly divergent	34183	34183	34183	60303	AAF52687.1	AAL39940.1	AEW48266.1	AI532162	AW944313	AY069795	BT132975	CG13096	CG13096	CG13096	CG13096	CG13096	CG13096	CG13096	CG13096	CG13096-PA	CG13096-PA	CG13096-PA	CG13096-PA	CG13096-PB	CG13096-RA	CG13096-RA	CG13096-RA	CG13096-RA	CZ480006	DmelCG13096	FBan0013096	FBgn0032050	FBgn0032050	FBgn0032050	FBgn0032050	FBgn0032050	FBgn0032050	FBpp0079306	FBpp0079306	FBpp0079306	FBtr0079698	FBtr0079698	FBtr0079698	H0RNN8	NM_135392	NM_135392.4	NP_001285757	NP_001285757.1	NP_001285757.1	NP_609236	NP_609236.2	NP_609236.2	NP_609236.2	Q8T9F1	Q8T9F1	Q8T9F1	Q9VLK2	Q9VLK2	Q9VLK2	Ribosomal L1 domain-containing protein CG13096	Ribosomal L1 domain-containing protein CG13096	UPI000007F124	Y3096_DROME	Y3096_DROME	dme:Dmel_CG13096	uncharacterized protein, isoform B
Csl4	7227.FBpp0079813	https://smart.embl.de/smart/DDvec.cgi?smart=204:Pfam_ECR1_N(10|48)+S1(70|149)+	RE36848p; 3'-5'-exoribonuclease activity; RNA binding. It is involved in the biological process described with: regulation of gene expression; mRNA processing	34548	34548	34548	60610	AAF53074.1	AAM11410.1	AY095082	BI240167	BI482034	CG6249	CG6249	CG6249	CG6249	CG6249	CG6249-PA	CG6249-PA	CG6249-RA	CG6249-RA	CG6249-RA	CG6249-RA	CSL4	CSL4	CSL4	CSL4	Csl4	Csl4	Csl4	Csl4	Csl4	Csl4	Csl4	Csl4	Csl4	Csl4	Csl4	Csl4	Csl4-PA	Csl4-PA	Csl4-PA	Csl4-RA	DmelCG6249	DmelCG6249	DmelCG6249	Dmel_CG6249	Dmel_CG6249	FBan0006249	FBgn0032346	FBgn0032346	FBgn0032346	FBgn0032346	FBgn0032346	FBgn0032346	FBpp0079813	FBpp0079813	FBpp0079813	FBtr0080226	FBtr0080226	FBtr0080226	NM_135648	NM_135648.1	NP_609492	NP_609492	NP_609492.1	NP_609492.1	NP_609492.1	Q9VKJ4	Q9VKJ4	Q9VKJ4	Q9VKJ4_DROME	Q9VKJ4_DROME	RE36848p	RE36848p	UPI0000079494	dCsl4	dCsl4	dCsl4	dCsl4	dme:Dmel_CG6249
CG6565	7227.FBpp0080047	https://smart.embl.de/smart/DDvec.cgi?smart=425:Pfam_START(181|381)+	CG6565, isoform A; Lipid binding; phosphatidylcholine transporter activity	34749	34749	34749	60784	AA246446	AAF53292.1	AAL39484.1	AI514288	AI946445	AW941583	AY069339	CG6565	CG6565	CG6565	CG6565	CG6565	CG6565	CG6565	CG6565, isoform A	CG6565, isoform A	CG6565, isoform B	CG6565, isoform B	CG6565, isoform C	CG6565, isoform C	CG6565-PA	CG6565-PA	CG6565-PA	CG6565-PA	CG6565-PB	CG6565-PC	CG6565-RA	CG6565-RA	CG6565-RA	CG6565-RA	CL525960	DmelCG6565	DmelCG6565	DmelCG6565	Dmel_CG6565	Dmel_CG6565	FBan0006565	FBgn0032513	FBgn0032513	FBgn0032513	FBgn0032513	FBgn0032513	FBgn0032513	FBpp0080047	FBpp0080047	FBpp0080047	FBtr0080468	FBtr0080468	FBtr0080468	LD05321p	LD05321p	NM_135800	NM_135800.2	NP_001285891	NP_001285891.1	NP_001285891.1	NP_001285892.1	NP_001285892.1	NP_609644	NP_609644.1	NP_609644.1	NP_609644.1	Q9VJZ2	Q9VJZ2	Q9VJZ2	Q9VJZ2_DROME	Q9VJZ2_DROME	UPI000007486F	dme:Dmel_CG6565
Nnp-1	7227.FBpp0080052	https://smart.embl.de/smart/DDvec.cgi?smart=687:Pfam_Nop52(41|248)+	Ribosomal RNA processing protein 1 homolog; May be involved in the generation of 28S rRNA	44391	44391	44391	69025	AA263948	AA817524	AAF53287.1	AAT94500.1	AI455320	AQ034006	BT015271	CG12396	CG12396	CG12396	CG12396	CG12396	CG12396-PA	CG12396-PA	CG12396-RA	CG12396-RA	CG12396-RA	CG12396-RA	DmelCG12396	FBan0012396	FBgn0022069	FBgn0022069	FBgn0022069	FBgn0022069	FBgn0022069	FBgn0022069	FBgn0032508	FBpp0080052	FBpp0080052	FBpp0080052	FBtr0080473	FBtr0080473	FBtr0080473	NM_143719	NM_143719.2	NNP-1	NNP-1 homolog	NNP-1 homolog	NP_651976	NP_651976	NP_651976.1	NP_651976.1	NP_651976.1	Nnp-1	Nnp-1	Nnp-1	Nnp-1	Nnp-1	Nnp-1	Nnp-1	Nnp-1	Nnp-1	Nnp-1	Nnp-1-PA	Nnp-1-PA	Nnp-1-PA	Nnp-1-RA	Nnp1	Nnp1	Q6AWH7	Q6AWH7	Q6AWH7	Q9VJZ7	Q9VJZ7	Q9VJZ7	RRP1-like protein	RRP1-like protein	RRP1L_DROME	RRP1L_DROME	Ribosomal RNA processing protein 1 homolog	Ribosomal RNA processing protein 1 homolog	UPI000012462B	dme:Dmel_CG12396	l(2)k07826	l(2)k07826	nnp-1
CG9253	7227.FBpp0080997	https://smart.embl.de/smart/DDvec.cgi?smart=507:DEXDc(80|278)+HELICc(314|395)+COIL(423|458)+	FI20110p1; ATP binding; ATP-dependent RNA helicase activity; nucleic acid binding; Belongs to the DEAD box helicase family	3.6.4.13	35379	35379	35379	61334	AAF53963.1	AAM52004.1	AFH89832.1	AY121677	BH809474	BI229701	BT133459	CG9253	CG9253	CG9253	CG9253	CG9253	CG9253	CG9253	CG9253	CG9253	CG9253-PA	CG9253-PA	CG9253-PA	CG9253-PA	CG9253-RA	CG9253-RA	CG9253-RA	CG9253-RA	CG9253-RA	CG9253-RA	CL610122	DmRH24	DmRH24	DmRH24	DmRH24	DmelCG9253	DmelCG9253	DmelCG9253	Dmel_CG9253	Dmel_CG9253	EC 3.6.4.13	FBan0009253	FBgn0025331	FBgn0032919	FBgn0032919	FBgn0032919	FBgn0032919	FBgn0032919	FBgn0032919	FBpp0080997	FBpp0080997	FBpp0080997	FBtr0081468	FBtr0081468	FBtr0081468	FI20110p1	FI20110p1	NM_136246	NM_136246.2	NP_610090	NP_610090	NP_610090.1	NP_610090.1	NP_610090.1	Q8MRB7	Q9VIF6	Q9VIF6	Q9VIF6	Q9VIF6_DROME	Q9VIF6_DROME	UPI000007AF86	X65273	anon-EST:GressD10	anon-EST:GressD10	anon-EST:GressD10	anon-EST:GressD10	cg9253	cg9253	dme:Dmel_CG9253
CG1234	7227.FBpp0081117	https://smart.embl.de/smart/DDvec.cgi?smart=822:Pfam_NOC3p(233|330)+COIL(444|509)+Pfam_CBF(573|727)+	annotation not available	40870	40870	40870	66065	AAF54043.1	AAK93278.1	AI518851	AW943274	AY051854	CG1234	CG1234	CG1234	CG1234	CG1234	CG1234	CG1234	CG1234-PA	CG1234-PA	CG1234-PA	CG1234-PA	CG1234-RA	CG1234-RA	CG1234-RA	CG1234-RA	CZ479300	CZ483114	DmelCG1234	FBan0001234	FBgn0037489	FBgn0037489	FBgn0037489	FBgn0037489	FBgn0037489	FBgn0037489	FBpp0081117	FBpp0081117	FBpp0081117	FBtr0081599	FBtr0081599	FBtr0081599	NM_141453	NM_141453.4	NOC3-like protein	NOC3-like protein	NOC3L_DROME	NOC3L_DROME	NP_649710	NP_649710	NP_649710.1	NP_649710.1	NP_649710.1	Nucleolar complex protein 3 homolog	Nucleolar complex protein 3 homolog	Q9VI82	Q9VI82	Q9VI82	UPI000007D4CF	dme:Dmel_CG1234
CG10286	7227.FBpp0081214	http://smart.embl.de/smart/DDt.cgi?smart=625:	annotation not available	40786	40786	40786	AAF54129.1	AAL13575.1	AI134535	AW940442	AY058346	CG10286	CG10286	CG10286	CG10286	CG10286	CG10286	CG10286	CG10286	CG10286-PA	CG10286-PA	CG10286-PA	CG10286-PA	CG10286-RA	CG10286-RA	CG10286-RA	CG10286-RA	CW848169	DmelCG10286	DmelCG10286	DmelCG10286	Dmel_CG10286	Dmel_CG10286	FBan0010286	FBgn0037439	FBgn0037439	FBgn0037439	FBgn0037439	FBgn0037439	FBgn0037439	FBpp0081214	FBpp0081214	FBpp0081214	FBtr0081717	FBtr0081717	FBtr0081717	GH12023p	GH12023p	NM_141392	NM_141392.2	NP_649649	NP_649649	NP_649649.1	NP_649649.1	NP_649649.1	Q9VI15	Q9VI15	Q9VI15	Q9VI15_DROME	Q9VI15_DROME	UPI000007F8F1	dme:Dmel_CG10286	uncharacterized protein
Prat	7227.FBpp0081261	https://smart.embl.de/smart/DDvec.cgi?smart=546:Pfam_GATase_6(112|256)+	Amidophosphoribosyltransferase; Phosphoribosylamidotransferase (Prat) is a type-2 glutamine amidotransferase that converts phosphoribosylpyrophosphate to phosphoribosylamine using glutamine. It is an essential enzyme in the pathway for de novo synthesis of the purine nucleotide inosine monophosphate (IMP). IMP is the precursor for purine nucleotides required for nucleic acids, energy transfer, cell signaling, and coenzymes; In the C-terminal section; belongs to the purine/pyrimidine phosphoribosyltransferase family	2.4.2.14	40935	40935	40935	A0APG2	AAC39084.1	AAF54163.2	AAL39797.1	AFH06291	AI516292	AM294550	AM294551	AM294552	AM294553	AM294554	AM294555	AM294556	AM294557	AM294558	AM294559	AM294560	AW943598	AY069652	Amidophosphoribosyltransferase	Amidophosphoribosyltransferase	C0MIY3	CAL26533.1	CAL26534.1	CAL26535.1	CAL26536.1	CAL26537.1	CAL26538.1	CAL26539.1	CAL26540.1	CAL26541.1	CAL26542.1	CAL26543.1	CAR93221.1	CAR93222.1	CAR93223.1	CAR93224.1	CAR93225.1	CAR93226.1	CAR93227.1	CAR93228.1	CAR93229.1	CAR93230.1	CAR93231.1	CG2867	CG2867	CG2867	CG2867	CG2867	CG2867-PA	CG2867-PA	CG2867-PB	CG2867-RA	CG2867-RA	CG2867-RB	CZ472324	CZ472325	DmPrat	DmelCG2867	EC 2.4.2.14	FBan0002867	FBgn0004901	FBgn0004901	FBgn0004901	FBgn0004901	FBgn0004901	FBgn0004901	FBpp0081261	FBpp0081261	FBpp0081261	FBpp0293248	FBpp0293248	FBtr0081764	FBtr0081764	FBtr0081764	FBtr0304705	FBtr0304705	FM245295	FM245296	FM245297	FM245298	FM245299	FM245300	FM245301	FM245302	FM245303	FM245304	FM245305	NM_001260043	NM_001260043.1	NM_079547	NM_079547.3	NP_001246972	NP_001246972	NP_001246972.1	NP_001246972.1	NP_001246972.1	NP_524271	NP_524271.2	NP_524271.2	NP_524271.2	PUR1_DROME	PUR1_DROME	Phosphoribosylamidotransferase	Phosphoribosylamidotransferase	Prat	Prat	Prat	Prat	Prat	Prat	Prat	Prat-PA	Prat-PA	Prat-PA	Prat-PB	Prat-PB	Prat-RA	Prat-RB	Q27601	Q27601	Q27601	Q8T009	Q8T009	Q8T009	Q9VHY4	Q9VHY4	Q9VHY4	UPI0000007518	dme:Dmel_CG2867	phosphoribosylamidotransferase, isoform B	transcript D
bel	7227.FBpp0081374	https://smart.embl.de/smart/DDvec.cgi?smart=798:DEXDc(314|530)+HELICc(573|654)+	ATP-dependent RNA helicase bel; ATP-dependent RNA helicase that is essential and required for cellular function, larval growth, and for male and female fertility. Also required for RNA interference (RNAi), double-stranded RNA induces potent and specific gene silencing, by acting downstream of dsRNA internalization. RNAi is mediated by the RNA-induced silencing complex (RISC), a sequence-specific, multicomponent nuclease that destroys or silences messenger RNAs homologous to the silencing trigger; Belongs to the DEAD box helicase family. DDX3/DED1 subfamily	3.6.4.13	45826	45826	AAF54262.1	AAF85950.1	AAL90351.1	AF239691	AI388807	AI946039	AI946304	AQ026266	AQ026423	AQ073122	ATP-dependent RNA helicase bel	ATP-dependent RNA helicase bel	AY089613	BEL	BEL	BI232056	Belle	Belle	CG9748	CG9748	CG9748	CG9748	CG9748	CG9748-PA	CG9748-PA	CG9748-RA	CG9748-RA	CG9748-RA	CG9748-RA	CL632179	CZ467651	CZ470064	CZ470112	CZ472300	CZ472343	CZ478128	CZ478129	CZ480103	DDX3_DROME	DDX3_DROME	DmRH6	DmRH6	DmelCG9748	EC 3.6.4.13	FBan0009748	FBgn0000171	FBgn0002312	FBgn0011214	FBgn0024557	FBgn0028143	FBgn0037604	FBgn0041772	FBgn0263231	FBgn0263231	FBgn0263231	FBgn0263231	FBgn0263231	FBgn0263231	FBpp0081374	FBpp0081374	FBpp0081374	FBtr0081888	FBtr0081888	FBtr0081888	L3	L3	NM_080522	NM_080522.3	NP_536783	NP_536783	NP_536783.1	NP_536783.1	NP_536783.1	Protein belle	Protein belle	Q8SXI8	Q8SXI8	Q8SXI8	Q9VHP0	Q9VHP0	Q9VHP0	UPI000007C59E	anon-85Ab	anon-85Ab	bel	bel	bel	bel	bel	bel	bel	bel-PA	bel-PA	bel-PA	bel-PB	bel-RA	belle	belle, isoform A	cap	cap	capon	dme:Dmel_CG9748	l(3)85Ac	l(3)85Ac	l(3)L3	l(3)L3	l(3)L4740	l(3)L4740	l(3)S047110	l(3)S047110	l(3)S097074	l(3)S097074	lethal (3) L4740	lethal (3) S047110	ms(3)Pneo85A	ms(3)Pneo85A	ms(3)neo30	ms(3)neo30	unnamed
Men	7227.FBpp0082129	https://smart.embl.de/smart/DDvec.cgi?smart=763:malic(282|463)+Malic_M(473|726)+	Malic Enzyme (Men) is a dehydrogenase that catalyzes the oxidation of malate to pyruvate, with the concomitant reduction of NADP(+) to NADPH. Men functions, along with Idh, Zw, and Pgd, in a small network of NADP reducing enzymes	1.1.1.40	47173	47173	47173	70650	AA567704	AA948992	AAF43601.1	AAF43602.1	AAF43603.1	AAF54859.1	AAF54860.1	AAM49909.1	ABA19464.1	ABA19465.1	ABA19466.1	ABA19467.1	ABA19468.1	ABA19469.1	ABA19470.1	ABA19471.1	ABA19472.1	ABA19473.1	ABA19474.1	ABA19475.1	ABA19476.1	ABA19477.1	ABA19478.1	ABA19479.1	ABA19480.1	ABA19481.1	ABA19482.1	ABA19483.1	ABA19484.1	ABA19485.1	ABA19486.1	ABA19487.1	ABA19488.1	ABA19489.1	ABA19490.1	ABA19491.1	ABA19492.1	ABA19493.1	ABA19494.1	ABA19495.1	ABA19496.1	ACX61595.1	AF187998	AF187999	AF188000	AFB81552.1	AFB81553.1	AFB81554.1	AFB81555.1	AFB81556.1	AFB81557.1	AFB81558.1	AFB81559.1	AFB81560.1	AFB81561.1	AFB81562.1	AFB81563.1	AFB81564.1	AFB81565.1	AFB81566.1	AFB81567.1	AFB81568.1	AFB81569.1	AFB81570.1	AFB81571.1	AFB81572.1	AFB81573.1	AFB81574.1	AFB81575.1	AFB81576.1	AFB81577.1	AFB81578.1	AFB81579.1	AFB81580.1	AFB81581.1	AFB81582.1	AFB81583.1	AFB81584.1	AFB81585.1	AFB81586.1	AI402720	AI404174	AI945435	AI946400	AJ251545	AQ025061	AQ025071	AQ025097	AQ025100	AQ025102	AQ025207	AQ025272	AQ073955	AQ254603	AW942773	AX094154	AY118540	BH146183	BT100054	CAB64262.1	CG10120	CG10120	CG10120	CG10120	CG10120	CG10120-PA	CG10120-PA	CG10120-PB	CG10120-PB	CG10120-PC	CG10120-RA	CG10120-RA	CG10120-RB	CG10120-RB	CG10120-RC	CZ467108	CZ472165	CZ472166	CZ475708	CZ477499	DQ148977	DQ148978	DQ148979	DQ148980	DQ148981	DQ148982	DQ148983	DQ148984	DQ148985	DQ148986	DQ148987	DQ148988	DQ148989	DQ148990	DQ148991	DQ148992	DQ148993	DQ148994	DQ148995	DQ148996	DQ148997	DQ148998	DQ148999	DQ149000	DQ149001	DQ149002	DQ149003	DQ149004	DQ149005	DQ149006	DQ149007	DQ149008	DQ149009	DmelCG10120	DmelCG10120	DmelCG10120	Dmel_CG10120	Dmel_CG10120	EC 1.1.1.40	FBan0010120	FBgn0002719	FBgn0002719	FBgn0002719	FBgn0002719	FBgn0002719	FBgn0002719	FBgn0038081	FBgn0062124	FBpp0082129	FBpp0082129	FBpp0082129	FBpp0082130	FBpp0082130	FBpp0303058	FBpp0303058	FBtr0082660	FBtr0082660	FBtr0082660	FBtr0082661	FBtr0082661	FBtr0330025	FBtr0330025	H7BWR4	H7BWR6	H7BWS2	H7BWS3	H7BWS6	H7BWS7	H7BWU6	H7BWU8	JQ690826	JQ690827	JQ690828	JQ690829	JQ690830	JQ690831	JQ690832	JQ690833	JQ690834	JQ690835	JQ690836	JQ690837	JQ690838	JQ690839	JQ690840	JQ690841	JQ690842	JQ690843	JQ690844	JQ690845	JQ690846	JQ690847	JQ690848	JQ690849	JQ690850	JQ690851	JQ690852	JQ690853	JQ690854	JQ690855	JQ690856	JQ690857	JQ690858	JQ690859	JQ690860	MDH	MDH	MDH	MDH	ME	ME	ME	ME	MEN	MEN	Malic enzyme	Malic enzyme	Malic enzyme	Malic enzyme	Mdh-NADP	Mdh-NADP	Mdh-NADP	Mdh-NADP	Me	Me	Men	Men	Men	Men	Men	Men	Men	Men-PA	Men-PA	Men-PB	Men-PB	Men-PB	Men-PC	Men-PC	Men-RA	Men-RB	Men-RC	NADP-malic enzyme	NM_080141	NM_080141.3	NM_169479	NM_169479.2	NP_001262509	NP_524880	NP_524880.2	NP_524880.2	NP_524880.2	NP_731739	NP_731739.1	Q2QBM1	Q9NIW0	Q9NIW1	Q9NIW2	Q9U1J1	Q9VG31	Q9VG31	Q9VG31	Q9VG31_DROME	Q9VG31_DROME	Q9VG32	UPI000007BD03	UPI000007E43A	UPI000067AE83	anon-WO0118547.278	anon-WO0118547.278	anon-WO0118547.278	anon-WO0118547.278	dme:Dmel_CG10120	malic enzyme	malic enzyme, isoform C	mem	mem	mem	mem	men	men	men	men
CG9799	7227.FBpp0082231	https://smart.embl.de/smart/DDvec.cgi?smart=922:WD40(69|105)+WD40(107|144)+WD40(192|231)+WD40(234|274)+WD40(277|316)+WD40(323|363)+WD40(485|526)+WD40(572|611)+WD40(614|653)+Pfam_Utp21(695|918)+	LD47749p; It is involved in the biological process described with: rRNA processing	41647	41647	41647	AAF54941.1	AAK93538.1	AAV36964.1	AI534007	AY052114	BT016079	CG9799	CG9799	CG9799	CG9799	CG9799	CG9799	CG9799	CG9799	CG9799	CG9799-PA	CG9799-PA	CG9799-PA	CG9799-PA	CG9799-RA	CG9799-RA	CG9799-RA	CG9799-RA	DmelCG9799	DmelCG9799	DmelCG9799	Dmel_CG9799	Dmel_CG9799	FBan0009799	FBgn0038146	FBgn0038146	FBgn0038146	FBgn0038146	FBgn0038146	FBgn0038146	FBpp0082231	FBpp0082231	FBpp0082231	FBtr0082763	FBtr0082763	FBtr0082763	LD47749p	LD47749p	NM_142027	NM_142027.3	NP_650284	NP_650284	NP_650284.2	NP_650284.2	NP_650284.2	Q960D6	Q9VFV8	Q9VFV8	Q9VFV8	Q9VFV8_DROME	Q9VFV8_DROME	UPI000007E3D0	dme:Dmel_CG9799
CG6231	7227.FBpp0083217	https://smart.embl.de/smart/DDvec.cgi?smart=585:TRANS(20|42)+Pfam_MFS_1(86|467)+	CG6231, isoform A; Secondary active organic cation transmembrane transporter activity. It is involved in the biological process described with: transmembrane transport	42339	42339	42339	67331	AAF55684.2	AAM11197.1	AAN13801.1	AAN13802.1	AAN13803.1	AAZ41774.1	AEZ68800.1	AY094844	BI164142	BI213810	BT023766	BT133172	CG6231	CG6231	CG6231	CG6231	CG6231	CG6231	CG6231	CG6231, isoform A	CG6231, isoform A	CG6231, isoform B	CG6231, isoform B	CG6231, isoform C	CG6231, isoform C	CG6231, isoform D	CG6231, isoform D	CG6231, isoform E	CG6231, isoform E	CG6231, isoform F	CG6231, isoform F	CG6231-PA	CG6231-PA	CG6231-PA	CG6231-PB	CG6231-PB	CG6231-PB	CG6231-PC	CG6231-PC	CG6231-PC	CG6231-PC	CG6231-PD	CG6231-PD	CG6231-PD	CG6231-PE	CG6231-PF	CG6231-RA	CG6231-RA	CG6231-RA	CG6231-RA	CG6231-RB	CG6231-RB	CG6231-RC	CG6231-RC	CG6231-RD	CG6231-RD	CG6231-RD	CG6231-RD	CZ483626	DmelCG6231	DmelCG6231	DmelCG6231	Dmel_CG6231	Dmel_CG6231	FBan0006231	FBgn0038720	FBgn0038720	FBgn0038720	FBgn0038720	FBgn0038720	FBgn0038720	FBpp0083217	FBpp0083217	FBpp0083217	FBpp0083218	FBpp0083218	FBpp0083219	FBpp0083219	FBpp0083220	FBpp0083220	FBtr0083807	FBtr0083807	FBtr0083807	FBtr0083808	FBtr0083808	FBtr0083809	FBtr0083809	FBtr0083810	FBtr0083810	FI18650p1	FI18650p1	NM_142562	NM_142562.2	NM_169864	NM_169864.2	NM_169865	NM_169865.2	NM_169866	NM_169866.2	NP_001262734	NP_001262734.1	NP_001262734.1	NP_001262735.1	NP_001262735.1	NP_650819	NP_650819.1	NP_650819.1	NP_650819.1	NP_732435	NP_732435.1	NP_732435.1	NP_732435.1	NP_732436	NP_732436.1	NP_732436.1	NP_732436.1	NP_732437	NP_732437.1	NP_732437.1	NP_732437.1	Organic cation transporter	Q494L0	Q8SX51	Q9VDV5	Q9VDV5	Q9VDV5	Q9VDV5_DROME	Q9VDV5_DROME	UPI000007D891	dme:Dmel_CG6231
Surf6	7227.FBpp0083263	https://smart.embl.de/smart/DDvec.cgi?smart=324:Pfam_SURF6(98|312)+	Surfeit locus protein 6 homolog; Involved in a nucleolar function	42370	42370	42370	67359	AAF55714.1	AAM52773.1	AI543031	AW944601	AY122261	CG4510	CG4510	CG4510	CG4510	CG4510	CG4510-PA	CG4510-PA	CG4510-RA	CG4510-RA	DmelCG4510	FBan0004510	FBgn0038746	FBgn0038746	FBgn0038746	FBgn0038746	FBgn0038746	FBgn0038746	FBpp0083263	FBpp0083263	FBpp0083263	FBtr0083854	FBtr0083854	FBtr0083854	NM_079684	NM_079684.3	NP_524408	NP_524408	NP_524408.1	NP_524408.1	NP_524408.1	Q8MQW1	Q8MQW1	Q8MQW1	Q9VDS6	Q9VDS6	Q9VDS6	SURF6_DROME	SURF6_DROME	Surf6	Surf6	Surf6	Surf6	Surf6	Surf6	Surf6	Surf6-PA	Surf6-PA	Surf6-PA	Surf6-RA	Surfeit 6	Surfeit 6	Surfeit locus protein 6 homolog	Surfeit locus protein 6 homolog	UPI0000124837	dme:Dmel_CG4510	surfeit 6
ppan	7227.FBpp0083415	https://smart.embl.de/smart/DDvec.cgi?smart=460:Brix(31|284)+COIL(297|342)+	Protein Peter pan; Required for initiation of larval growth and normal mitotic growth but is not absolutely required for general biosynthesis or DNA replication. Required for progression of normal oogenesis and maturation of some imaginal tissues into adult structures	42502	42502	42502	AAD16459.1	AAF55851.1	AAX33369.1	AF102805	BI621668	BT021221	CG5786	CG5786	CG5786	CG5786	CG5786	CG5786-PA	CG5786-PA	CG5786-RA	DmelCG5786	FBan0005786	FBgn0010770	FBgn0010770	FBgn0010770	FBgn0010770	FBgn0010770	FBgn0010770	FBgn0011392	FBgn0026381	FBpp0083415	FBpp0083415	FBpp0083415	FBtr0084012	FBtr0084012	FBtr0084012	G00745	NM_057631	NM_057631.5	NP_476979	NP_476979	NP_476979.1	NP_476979.1	NP_476979.1	O97133	O97133	O97133	PPAN	PPAN_DROME	PPAN_DROME	Peter Pan	Peter pan	Ppan	Protein Peter pan	Protein Peter pan	Q9VDE5	Q9VDE5	Q9VDE5	UPI0000083702	dme:Dmel_CG5786	l(3)02231	l(3)02231	l(3)j6B6	l(3)j6B6	peter pan	peter pan	peterpan	ppan	ppan	ppan	ppan	ppan	ppan	ppan	ppan-PA	ppan-PA	ppan-PA	ppan-RA
r-l	7227.FBpp0083440	https://smart.embl.de/smart/DDvec.cgi?smart=493:Pfam_Pribosyltran(42|175)+OMPdecase(259|479)+	Uridine 5'-monophosphate synthase; Orotidine-5'-phosphate decarboxylase activity; orotate phosphoribosyltransferase activity. It is involved in the biological process described with: 'de novo' pyrimidine nucleobase biosynthetic process; 'de novo' UMP biosynthetic process; In the N-terminal section; belongs to the purine/pyrimidine phosphoribosyltransferase family	2.4.2.10	4.1.1.23	42493	42493	42493	AAA29012.1	AAF55842.1	AAL13943.1	AI513021	AW943767	AY058714	CAA38138.1	CG3593	CG3593	CG3593	CG3593	CG3593	CG3593-PA	CG3593-PA	CG3593-RA	CG3593-RA	CZ479568	CZ479569	DmelCG3593	EC 2.4.2.10	EC 4.1.1.23	FBan0003593	FBgn0003257	FBgn0003257	FBgn0003257	FBgn0003257	FBgn0003257	FBgn0003257	FBpp0083440	FBpp0083440	FBpp0083440	FBtr0084038	FBtr0084038	FBtr0084038	L00968	NM_079703	NM_079703.2	NP_524427	NP_524427	NP_524427.1	NP_524427.1	NP_524427.1	OMPDC	OMPDC	OPRT	OPRT	Q01637	Q01637	Q01637	Q24221	Q24221	Q24221	Q9VDF2	Q9VDF2	Q9VDF2	Rudimentary-like	Rudimentary-like	Rudimentary-like protein	Rudimentary-like protein	UMP synthase	UMPS	UMPS	UMPS_DROME	UMPS_DROME	UPI0000077AA9	Uridine 5'-monophosphate synthase	Uridine 5'-monophosphate synthase	X54230	X54231	dme:Dmel_CG3593	orotidine phosphate decarboxylase	r-l	r-l	r-l	r-l	r-l	r-l	r-l	r-l-PA	r-l-PA	r-l-PA	r-l-RA	ral	ral	rudimentary-like	rudimentary-like
pit	7227.FBpp0083572	https://smart.embl.de/smart/DDvec.cgi?smart=680:DEXDc(206|411)+HELICc(447|528)+DUF4217(568|631)+	Probable ATP-dependent RNA helicase pitchoune; Probable RNA-dependent helicase. Functions in cell growth and proliferation. May have a role in ribosome biogenesis and, consequently, in protein biosynthesis	3.6.4.13	42595	42595	42595	67556	A4V384	A4V384	A4V384	AAC27683.1	AAF55951.2	AAL49024.1	AAM50274.1	AAN13900.2	AI514629	AW943823	AY071402	AY119620	BI353160	BI363871	CG6375	CG6375	CG6375	CG6375	CG6375	CG6375-PA	CG6375-PA	CG6375-PB	CG6375-PB	CG6375-RA	CG6375-RA	CG6375-RA	CG6375-RA	CG6375-RB	CG6375-RB	CG6375-RB	CG6375-RB	DDX18_DROME	DDX18_DROME	DmRH15	DmRH15	DmelCG6375	EC 3.6.4.13	FBan0006375	FBgn0025140	FBgn0025140	FBgn0025140	FBgn0025140	FBgn0266581	FBgn0266581	FBpp0083572	FBpp0083572	FBpp0083572	FBpp0083573	FBpp0083573	FBtr0084174	FBtr0084174	FBtr0084174	FBtr0084175	FBtr0084175	NM_079722	NM_079722.3	NM_169991	NM_169991.2	NP_001287459	NP_001287459.1	NP_001287459.1	NP_524446	NP_524446.3	NP_524446.3	NP_524446.3	NP_732694	NP_732694.2	NP_732694.2	NP_732694.2	O77001	O77001	O77001	PIT	PIT	Pitchoune	Probable ATP-dependent RNA helicase pitchoune	Probable ATP-dependent RNA helicase pitchoune	Q8SYP5	Q8SYP5	Q8SYP5	Q9VD51	Q9VD51	Q9VD51	U84552	UPI00000075F3	dme:Dmel_CG6375	pit	pit	pit	pit	pit	pit	pit	pit-PA	pit-PA	pit-PB	pit-PB	pit-PB	pit-PC	pit-RA	pit-RB	pitchoune	pitchoune, isoform C
Nop56	7227.FBpp0083625	https://smart.embl.de/smart/DDvec.cgi?smart=496:Pfam_NOP5NT(5|70)+NOSIC(168|220)+	Nucleolar KKE/D repeat protein; It is involved in the biological process described with: neurogenesis	42633	42633	42633	AA803775	AAF55992.2	AAK93068.1	AAL14870.1	AAL14871.1	AAN71368.1	ACY56905.1	AF223352	AF223353	AI518994	AY051644	BI237236	BT001613	BT100237	CG13849	CG13849	CG13849	CG13849	CG13849	CG13849-PA	CG13849-PA	CG13849-RA	CG13849-RA	CG13849-RA	CG13849-RA	DmNop56	DmNop56	DmNop56	DmNop56	DmelCG13849	DmelCG13849	DmelCG13849	Dmel_CG13849	Dmel_CG13849	Dnop56	Dnop56	Dnop56	Dnop56	FBan0013849	FBgn0038964	FBgn0038964	FBgn0038964	FBgn0038964	FBgn0038964	FBgn0038964	FBgn0038964	FBgn0038964	FBgn0038964	FBgn0038964	FBpp0083625	FBpp0083625	FBpp0083625	FBtr0084230	FBtr0084230	FBtr0084230	FI04781p	FI04781p	NM_142783	NM_142783.2	NP_651040	NP_651040	NP_651040.3	NP_651040.3	NP_651040.3	Nop56	Nop56	Nop56	Nop56	Nop56	Nop56	Nop56	Nop56	Nop56	Nop56	Nop56	Nop56	Nop56-PA	Nop56-PA	Nop56-PA	Nop56-RA	Nop56-RA	Nop56-RA	Nucleolar KKE/D repeat protein	Nucleolar KKE/D repeat protein	Q8IGT5	Q95WY3	Q95WY3	Q95WY3	Q95WY3_DROME	Q95WY3_DROME	Q95WY4	Q961E2	Q9VD11	Q9VD11	Q9VD11	UPI00000075FA	dme:Dmel_CG13849	nop56	nop56	nop56	nop56
CG12499	7227.FBpp0083688	https://smart.embl.de/smart/DDvec.cgi?smart=2059:Pfam_Npa1(159|477)+Pfam_NopRA1(1682|1884)+	Uncharacterized protein; It is involved in the biological process described with: neurogenesis	42637	42637	42637	AAF55996.2	CG12499	CG12499	CG12499	CG12499	CG12499	CG12499	CG12499	CG12499	CG12499-PA	CG12499-PA	CG12499-PA	CG12499-PA	CG12499-RA	CG12499-RA	CG12499-RA	CG12499-RA	DmelCG12499	DmelCG12499	DmelCG12499	Dmel_CG12499	Dmel_CG12499	FBan0012499	FBgn0038968	FBgn0038968	FBgn0038968	FBgn0038968	FBgn0038968	FBgn0038968	FBpp0083688	FBpp0083688	FBpp0083688	FBtr0084295	FBtr0084295	FBtr0084295	NM_142787	NM_142787.1	NP_651044	NP_651044	NP_651044.1	NP_651044.1	NP_651044.1	Q9VD07	Q9VD07	Q9VD07	Q9VD07_DROME	Q9VD07_DROME	UPI000007D95E	Uncharacterized protein	Uncharacterized protein	dme:Dmel_CG12499	uncharacterized protein
CG5728	7227.FBpp0084016	https://smart.embl.de/smart/DDvec.cgi?smart=1430:S1(72|158)+S1(174|238)+S1(259|329)+S1(445|511)+S1(529|592)+S1(697|771)+COIL(1113|1159)+HAT(1161|1193)+HAT(1195|1232)+HAT(1299|1333)+HAT(1335|1367)+HAT(1369|1404)+	LD41803p; mRNA binding. It is involved in the biological process described with: regulation of alternative mRNA splicing, via spliceosome; rRNA processing	42899	42899	42899	67827	AAF56280.2	AAL29009.1	AI516061	AW943578	AY061461	CG5728	CG5728	CG5728	CG5728	CG5728	CG5728	CG5728	CG5728	CG5728	CG5728-PA	CG5728-PA	CG5728-PA	CG5728-PA	CG5728-RA	CG5728-RA	CG5728-RA	CG5728-RA	DmelCG5728	DmelCG5728	DmelCG5728	Dmel_CG5728	Dmel_CG5728	FBan0005728	FBgn0039182	FBgn0039182	FBgn0039182	FBgn0039182	FBgn0039182	FBgn0039182	FBpp0084016	FBpp0084016	FBpp0084016	FBtr0084632	FBtr0084632	FBtr0084632	LD41803p	LD41803p	NM_142988	NM_142988.3	NP_651245	NP_651245	NP_651245.1	NP_651245.1	NP_651245.1	Q95RD5	Q95RD5	Q95RD5	Q9VC94	Q9VC94	Q9VC94	Q9VC94_DROME	Q9VC94_DROME	UPI000007D512	dme:Dmel_CG5728
CG7006	7227.FBpp0084082	https://smart.embl.de/smart/DDvec.cgi?smart=180:PUA(95|174)+	60S ribosome subunit biogenesis protein NIP7 homolog; Required for proper 34S pre-rRNA processing and 60S ribosome subunit assembly	42963	42963	42963	67888	AA736106	AAF56348.1	AAL68214.1	AW941360	AX094286	AY075367	BcDNA:GM12126	BcDNA:GM12126	BcDNA:GM12126	BcDNA:GM12126	CG7006	CG7006	CG7006	CG7006	CG7006	CG7006	CG7006	CG7006-PA	CG7006-PA	CG7006-PA	CG7006-PA	CG7006-RA	CG7006-RA	CG7006-RA	CG7006-RA	DmelCG7006	DmelCG7006	DmelCG7006	Dmel_CG7006	Dmel_CG7006	FBan0007006	FBgn0039233	FBgn0039233	FBgn0039233	FBgn0039233	FBgn0039233	FBgn0039233	FBgn0061419	FBgn0062030	FBpp0084082	FBpp0084082	FBpp0084082	FBtr0084704	FBtr0084704	FBtr0084704	NM_143039	NM_143039.2	NP_651296	NP_651296	NP_651296.1	NP_651296.1	NP_651296.1	Q9VC28	Q9VC28	Q9VC28	Q9VC28_DROME	Q9VC28_DROME	UPI00000823C7	anon-WO0118547.410	anon-WO0118547.410	anon-WO0118547.410	anon-WO0118547.410	dNIP7	dNIP7	dme:Dmel_CG7006
RIOK2	7227.FBpp0084191	https://smart.embl.de/smart/DDvec.cgi?smart=538:Pfam_Rio2_N(9|91)+Pfam_RIO1(108|287)+	RIO kinase 2; Protein kinase activity; ATP binding; protein serine/threonine kinase activity. It is involved in the biological process described with: protein phosphorylation; positive regulation of glial cell proliferation; neurogenesis	2.7.11.1	43046	43046	43046	AAF56435.1	ACR23643.1	BT083465	C4XVF4	CG11859	CG11859	CG11859	CG11859	CG11859	CG11859	CG11859-PA	CG11859-PA	CG11859-RA	CG11859-RA	CG11859-RA	CG11859-RA	CZ486024	DmelCG11859	DmelCG11859	DmelCG11859	Dmel_CG11859	Dmel_CG11859	EC 2.7.11.1	FBan0011859	FBgn0039306	FBgn0039306	FBgn0039306	FBgn0039306	FBgn0039306	FBgn0039306	FBpp0084191	FBpp0084191	FBpp0084191	FBtr0084816	FBtr0084816	FBtr0084816	NM_143108	NM_143108.2	NP_651365	NP_651365	NP_651365.1	NP_651365.1	NP_651365.1	Q9VBU2	Q9VBU2	Q9VBU2	Q9VBU2_DROME	Q9VBU2_DROME	RIO kinase 2	RIO kinase 2	RIO kinase 2	RIOK2	RIOK2	RIOK2	RIOK2	RIOK2-PA	RIOK2-PA	Rio2	Rio2	UPI0000079818	dRIOK2	dRIOK2	dme:Dmel_CG11859
CG1542	7227.FBpp0085119	https://smart.embl.de/smart/DDvec.cgi?smart=307:Pfam_Ebp2(18|300)+	Probable rRNA-processing protein EBP2 homolog; Required for the processing of the 27S pre-rRNA	43691	43691	43691	68536	AA951986	AAF57129.1	AAK93180.1	AW942922	AX094177	AY051756	CG1542	CG1542	CG1542	CG1542	CG1542	CG1542	CG1542	CG1542-PA	CG1542-PA	CG1542-PA	CG1542-PA	CG1542-RA	CG1542-RA	CG1542-RA	CG1542-RA	DmelCG1542	EBP2_DROME	EBP2_DROME	FBan0001542	FBgn0039828	FBgn0039828	FBgn0039828	FBgn0039828	FBgn0039828	FBgn0039828	FBpp0085119	FBpp0085119	FBpp0085119	FBtr0085757	FBtr0085757	FBtr0085757	NM_143593	NM_143593.3	NP_651850	NP_651850	NP_651850.1	NP_651850.1	NP_651850.1	Probable rRNA-processing protein EBP2 homolog	Probable rRNA-processing protein EBP2 homolog	Q9V9Z9	Q9V9Z9	Q9V9Z9	UPI00001246A3	dme:Dmel_CG1542
CG1607	7227.FBpp0085146	https://smart.embl.de/smart/DDvec.cgi?smart=505:Pfam_AA_permease(55|483)+	CG1607, isoform A; Amino acid transmembrane transporter activity. It is involved in the biological process described with: amino acid transmembrane transport	43707	43707	43707	AAF57148.1	AAL25389.1	AAN14271.1	ABK30898.1	AI514283	AW941053	AY060350	BT029261	CG1607	CG1607	CG1607	CG1607	CG1607	CG1607	CG1607	CG1607, isoform A	CG1607, isoform A	CG1607, isoform B	CG1607, isoform B	CG1607-PA	CG1607-PA	CG1607-PA	CG1607-PA	CG1607-PB	CG1607-PB	CG1607-PB	CG1607-PC	CG1607-PD	CG1607-RA	CG1607-RA	CG1607-RA	CG1607-RA	CG1607-RB	CG1607-RB	CZ470152	CZ470176	CZ485598	CZ485599	DmelCG1607	DmelCG1607	DmelCG1607	Dmel_CG1607	Dmel_CG1607	FBan0001607	FBgn0039844	FBgn0039844	FBgn0039844	FBgn0039844	FBgn0039844	FBgn0039844	FBpp0085146	FBpp0085146	FBpp0085146	FBpp0085147	FBpp0085147	FBtr0085785	FBtr0085785	FBtr0085785	FBtr0085786	FBtr0085786	GH11014p	GH11014p	NM_143608	NM_143608.1	NM_170548	NM_170548.1	NP_001263139	NP_651865	NP_651865.1	NP_651865.1	NP_651865.1	NP_733427	NP_733427.1	NP_733427.1	NP_733427.1	Q95T33	Q9V9Y0	Q9V9Y0	Q9V9Y0	Q9V9Y0_DROME	Q9V9Y0_DROME	UPI000007B996	dme:Dmel_CG1607
mod	7227.FBpp0085233	https://smart.embl.de/smart/DDvec.cgi?smart=542:RRM(176|247)+RRM(259|327)+RRM(341|411)+RRM(421|485)+	DNA-binding protein modulo; Its capacity to bind DNA and protein(s), and its differential expression during development suggest a role in the regulation of gene expression during Drosophila development. It could, in interaction with other factors, be required for the translation of instructions provided by pattern forming genes and controls, via chromatin changes, the activity of genes critical for the process of morphogenesis of several embryonic territories	0952/14	0952/14	43764	43764	43764	68602	AA802207	AA817110	AAF08255	AAF57213.1	AAL13748.1	AAN71293.1	AF185267	AFH06718	AI455242	AQ025239	AQ026436	AY058519	BI168277	BT001538	CAA33732.1	CG2050	CG2050	CG2050	CG2050	CG2050	CG2050-PA	CG2050-PA	CG2050-PC	CG2050-RA	CG2050-RA	CG2050-RC	CZ478588	CZ478589	CZ480997	CZ481198	CZ481793	DNA-binding protein modulo	DNA-binding protein modulo	DmelCG2050	FBan0002050	FBgn0002780	FBgn0002780	FBgn0002780	FBgn0002780	FBgn0002780	FBgn0002780	FBgn0011255	FBpp0085233	FBpp0085233	FBpp0085233	FBpp0301951	FBpp0301951	FBtr0085874	FBtr0085874	FBtr0085874	FBtr0310268	FBtr0310268	MODU_DROME	MODU_DROME	Mod	Mod	Modulo	Modulo	NM_001260472	NM_001260472.1	NM_079875	NM_079875.2	NP_001247401	NP_001247401	NP_001247401.1	NP_001247401.1	NP_001247401.1	NP_524614	NP_524614.2	NP_524614.2	NP_524614.2	P13469	P13469	P13469	Q8IGX8	Q9V9S2	Q9V9S2	Q9V9S2	UPI0000124733	X15702	dme:Dmel_CG2050	male sterile(3)100EF	mod	mod	mod	mod	mod	mod	mod	mod-PA	mod-PA	mod-PA	mod-PC	mod-PC	mod-RA	mod-RC	modulo	modulo, isoform C	ms(3)100EF	ms(3)100EF
l(2)09851	7227.FBpp0085379	https://smart.embl.de/smart/DDvec.cgi?smart=456:Pfam_CAF1C_H4-bd(53|121)+WD40(149|190)+WD40(211|251)+WD40(257|298)+WD40(304|344)+WD40(350|390)+WD40(414|452)+	Lethal (2) 09851	46662	46662	46662	70323	AA695110	AAF57313.3	AAL49099.1	AAM75055.1	AQ025672	AQ034013	AY071477	AY128462	BI212306	BI368955	CG12792	CG12792	CG12792	CG12792	CG12792	CG12792-PA	CG12792-PA	CG12792-RA	CG12792-RA	CG12792-RA	CG12792-RA	CL705805	DmelCG12792	Dmel_CG12792	Dmel_CG12792	FBan0012792	FBgn0022053	FBgn0022288	FBgn0022288	FBgn0022288	FBgn0022288	FBgn0022288	FBgn0022288	FBgn0033037	FBpp0085379	FBpp0085379	FBpp0085379	FBtr0086043	FBtr0086043	FBtr0086043	GRWD1	GRWD1	I(2)09851	I(2)09851	Lethal (2) 09851	Lethal (2) 09851, isoform A	Lethal (2) 09851, isoform A	Lethal (2) 09851, isoform B	Lethal (2) 09851, isoform B	NM_136338	NM_136338.2	NP_001260713	NP_001260713.1	NP_001260713.1	NP_610182	NP_610182.3	NP_610182.3	NP_610182.3	Q8SYL1	Q8SYL1	Q8SYL1	Q8SYL1_DROME	Q8SYL1_DROME	Q9V9H6	Q9V9H6	Q9V9H6	RE17371p	RE17371p	RE55020p	RE55020p	UPI000000768A	dme:Dmel_CG12792	l(2)09851	l(2)09851	l(2)09851	l(2)09851	l(2)09851	l(2)09851	l(2)09851	l(2)09851-PA	l(2)09851-PA	l(2)09851-PA	l(2)09851-PB	l(2)09851-RA	l(2)k08138	l(2)k08138	lethal (2) 09851	lethal (2) 09851, isoform B
CG11180	7227.FBpp0085566	https://smart.embl.de/smart/DDvec.cgi?smart=726:G_patch(24|70)+COIL(521|542)+	Uncharacterized protein, isoform A; Nucleic acid binding. It is involved in the biological process described with: neurogenesis	37330	37330	37330	62980	A1ZBW6	A1ZBW6	A1ZBW6	A1ZBW6_DROME	A1ZBW6_DROME	AA391516	AA695916	AAF57445.1	AAM50761.1	ADL40960.1	AW941233	AY118901	BT125083	CG11180	CG11180	CG11180	CG11180	CG11180	CG11180	CG11180	CG11180	CG11180-PA	CG11180-PA	CG11180-PA	CG11180-PA	CG11180-PB	CG11180-RA	CG11180-RA	CG11180-RA	CG11180-RA	CZ481700	D9PTS6	DmelCG11180	Dmel_CG11180	Dmel_CG11180	FBan0011180	FBgn0034528	FBgn0034528	FBgn0034528	FBgn0034528	FBgn0034528	FBgn0034528	FBpp0085566	FBpp0085566	FBpp0085566	FBtr0086254	FBtr0086254	FBtr0086254	NM_137651	NM_137651.1	NP_001286638	NP_611495	NP_611495.1	NP_611495.1	NP_611495.1	Q8MSC9	UPI0000076CE8	Uncharacterized protein, isoform A	Uncharacterized protein, isoform A	dme:Dmel_CG11180	uncharacterized protein, isoform B
CG9143	7227.FBpp0085616	https://smart.embl.de/smart/DDvec.cgi?smart=813:COIL(117|160)+DEXDc(234|489)+HELICc(559|640)+COIL(681|707)+	LD11580p; mRNA binding; ATP binding; ATP-dependent RNA helicase activity	3.6.4.13	37296	37296	37296	AA392204	AAF57487.1	AAQ23614.1	AW942194	BT010296	CG9143	CG9143	CG9143	CG9143	CG9143	CG9143	CG9143	CG9143	CG9143	CG9143-PA	CG9143-PA	CG9143-PA	CG9143-PA	CG9143-RA	CG9143-RA	CG9143-RA	CG9143-RA	CL943668	CL943669	CZ478547	DmelCG9143	Dmel_CG9143	Dmel_CG9143	EC 3.6.4.13	FBan0009143	FBgn0034496	FBgn0034496	FBgn0034496	FBgn0034496	FBgn0034496	FBgn0034496	FBpp0085616	FBpp0085616	FBpp0085616	FBtr0086304	FBtr0086304	FBtr0086304	LD11580p	LD11580p	NM_137623	NM_137623.2	NP_611467	NP_611467	NP_611467.1	NP_611467.1	NP_611467.1	Q6NQY9	Q6NQY9	Q6NQY9	Q6NQY9_DROME	Q6NQY9_DROME	UPI000007AA59	cg9143	cg9143	dme:Dmel_CG9143
RpI1	7227.FBpp0086640	https://smart.embl.de/smart/DDvec.cgi?smart=1642:RPOLA_N(293|619)+Pfam_RNA_pol_Rpb1_4(812|929)+Pfam_RNA_pol_Rpb1_5(936|1592)+	DNA-directed RNA polymerase I subunit RPA1; DNA-dependent RNA polymerase catalyzes the transcription of DNA into RNA using the four ribonucleoside triphosphates as substrates. Largest and catalytic core component of RNA polymerase I which synthesizes ribosomal RNA precursors. Forms the polymerase active center together with the second largest subunit. A single stranded DNA template strand of the promoter is positioned within the central active site cleft of Pol I. A bridging helix emanates from RPA1 and crosses the cleft near the catalytic site and is thought to promote translocation o [...] 	153129_at	153129_at	2.7.7.6	36617	36617	36617	62365	AA695010	AAF58234.1	AAM51959.1	AW941157	AY121632	CAA70321.1	CG10122	CG10122	CG10122	CG10122	CG10122	CG10122-PA	CG10122-PA	CG10122-RA	CG10122-RA	CZ469702	DNA-directed RNA polymerase I largest subunit	DNA-directed RNA polymerase I largest subunit	DNA-directed RNA polymerase I subunit A	DNA-directed RNA polymerase I subunit A	DNA-directed RNA polymerase I subunit RPA1	DNA-directed RNA polymerase I subunit RPA1	DmRPA1	DmRPA1	DmelCG10122	EC 2.7.7.6	FBan0010122	FBgn0019938	FBgn0019938	FBgn0019938	FBgn0019938	FBgn0019938	FBgn0019938	FBpp0086640	FBpp0086640	FBpp0086640	FBtr0087511	FBtr0087511	FBtr0087511	NM_079019	NM_079019.2	NP_523743	NP_523743	NP_523743.1	NP_523743.1	NP_523743.1	P91875	P91875	P91875	Q8MRE2	Q8MRE2	Q8MRE2	Q9V732	Q9V732	Q9V732	RNA polymerase I	RNA polymerase I subunit	RNA polymerase I subunit	RNA polymerase I subunit	RPA1	RPA1	RPA1	RPA1	RPA1_DROME	RPA1_DROME	RpI1	RpI1	RpI1	RpI1	RpI1	RpI1	RpI1	RpI1-PA	RpI1-PA	RpI1-PA	RpI1-RA	UPI000007F1B8	Y09103	dme:Dmel_CG10122
CG8545	7227.FBpp0087045	https://smart.embl.de/smart/DDvec.cgi?smart=891:Pfam_Methyltr_RsmF_N(332|425)+Pfam_Methyltr_RsmB-F(428|636)+	LD11307p; RNA binding; S-adenosylmethionine-dependent methyltransferase activity. It is involved in the biological process described with: rRNA processing; Belongs to the class I-like SAM-binding methyltransferase superfamily. RsmB/NOP family	2.1.1.310	36365	36365	36365	62142	A1Z909	A1Z909	A1Z909	A1Z909_DROME	A1Z909_DROME	AA246251	AA695583	AAF58504.2	AAL39401.1	ACT56594.1	AY069256	BT088930	BZ286316	CG8545	CG8545	CG8545	CG8545	CG8545	CG8545	CG8545	CG8545	CG8545	CG8545-PA	CG8545-PA	CG8545-PA	CG8545-PA	CG8545-RA	CG8545-RA	CG8545-RA	CG8545-RA	CG8545-RA	CG8545-RA	DmelCG8545	Dmel_CG8545	Dmel_CG8545	EC 2.1.1.310	FBan0008545	FBgn0033741	FBgn0033741	FBgn0033741	FBgn0033741	FBgn0033741	FBgn0033741	FBpp0087045	FBpp0087045	FBpp0087045	FBtr0087934	FBtr0087934	FBtr0087934	LD11307p	LD11307p	NM_136942	NM_136942.2	NP_610786	NP_610786	NP_610786.2	NP_610786.2	NP_610786.2	Q8T9K3	UPI000007E926	dme:Dmel_CG8545
CG12325	7227.FBpp0087322	https://smart.embl.de/smart/DDvec.cgi?smart=949:WD40(43|83)+WD40(86|123)+WD40(134|173)+WD40(178|217)+WD40(339|379)+WD40(382|421)+WD40(424|463)+WD40(466|507)+WD40(510|551)+WD40(555|593)+WD40(616|655)+WD40(715|752)+Pfam_Utp12(793|895)+	Uncharacterized protein, isoform A; It is involved in the biological process described with: neurogenesis	36144	36144	36144	61951	AA391614	AAF58744.1	AAV36999.1	AW942158	BT016114	CG12325	CG12325	CG12325	CG12325	CG12325	CG12325	CG12325	CG12325	CG12325-PA	CG12325-PA	CG12325-PA	CG12325-PA	CG12325-PB	CG12325-RA	CG12325-RA	CG12325-RA	CG12325-RA	DmelCG12325	Dmel_CG12325	Dmel_CG12325	FBan0012325	FBgn0033557	FBgn0033557	FBgn0033557	FBgn0033557	FBgn0033557	FBgn0033557	FBpp0087322	FBpp0087322	FBpp0087322	FBtr0088227	FBtr0088227	FBtr0088227	LD10780p	LD10780p	NM_136774	NM_136774.1	NP_001286296	NP_001286296.1	NP_001286296.1	NP_610618	NP_610618.1	NP_610618.1	NP_610618.1	Q5U0X8	Q5U0X8	Q5U0X8	Q5U0X8_DROME	Q5U0X8_DROME	UPI0000076E48	Uncharacterized protein, isoform A	Uncharacterized protein, isoform A	Uncharacterized protein, isoform B	Uncharacterized protein, isoform B	dme:Dmel_CG12325	uncharacterized protein, isoform B
nclb	7227.FBpp0087323	https://smart.embl.de/smart/DDvec.cgi?smart=459:WD40(155|205)+WD40(223|263)+WD40(266|306)+WD40(313|352)+WD40(356|396)+	No child left behind; Chromatin DNA binding. It is involved in the biological process described with: germ cell development; ovarian follicle cell development; regulation of gene expression; male germ-line stem cell maintenance; ovarian fusome organization; male gonad development	36150	36150	A1Z8D0	A1Z8D0	A1Z8D0	A1Z8D0_DROME	A1Z8D0_DROME	AAF58738.1	AAL68278.1	ACI16532.1	AY075465	B5X0K1	BI214877	BT044570	CG6751	CG6751	CG6751	CG6751	CG6751	CG6751-PA	CG6751-PA	CG6751-RA	CG6751-RA	CG6751-RA	CG6751-RA	CL844351	DmelCG6751	Dmel_CG6751	Dmel_CG6751	FBan0006751	FBgn0033562	FBgn0259115	FBgn0263510	FBgn0263510	FBgn0263510	FBgn0263510	FBgn0263510	FBgn0263510	FBpp0087323	FBpp0087323	FBpp0087323	FBtr0088228	FBtr0088228	FBtr0088228	NM_136779	NM_136779.3	NP_610623	NP_610623	NP_610623.1	NP_610623.1	NP_610623.1	No child left behind	No child left behind	No child left behind	Q8SY06	UPI0000079BF3	dme:Dmel_CG6751	nclb	nclb	nclb	nclb	nclb	nclb	nclb	nclb-PA	nclb-PA	nclb-PA	nclb-RA	no child left behind	no child left behind
CG12909	7227.FBpp0087437	https://smart.embl.de/smart/DDvec.cgi?smart=281:Pfam_zf-LYAR(33|60)+COIL(145|183)+	annotation not available	36087	36087	36087	A0AP71	A0AP73	A0AP75	AA951503	AAF58811.1	AAL48028.1	AM294454	AM294455	AM294456	AM294457	AM294458	AM294459	AM294460	AM294461	AM294462	AM294463	AM294464	AM294465	AW943108	AY070557	C0MJK5	CAL26397.1	CAL26398.1	CAL26399.1	CAL26400.1	CAL26401.1	CAL26402.1	CAL26403.1	CAL26404.1	CAL26405.1	CAL26406.1	CAL26407.1	CAL26408.1	CAR93452.1	CAR93453.1	CAR93454.1	CAR93455.1	CAR93456.1	CAR93457.1	CAR93458.1	CAR93459.1	CAR93460.1	CAR93461.1	CAR93462.1	CAR93463.1	CG12909	CG12909	CG12909	CG12909	CG12909	CG12909	CG12909	CG12909	CG12909 protein	CG12909 protein	CG12909-PA	CG12909-PA	CG12909-PA	CG12909-PA	CG12909-PA	CG12909-PA	CG12909-RA	CG12909-RA	CG12909-RA	CG12909-RA	DmelCG12909	Dmel_CG12909	Dmel_CG12909	FBan0012909	FBgn0033507	FBgn0033507	FBgn0033507	FBgn0033507	FBgn0033507	FBgn0033507	FBpp0087437	FBpp0087437	FBpp0087437	FBtr0088348	FBtr0088348	FBtr0088348	FM245526	FM245527	FM245528	FM245529	FM245530	FM245531	FM245532	FM245533	FM245534	FM245535	FM245536	FM245537	LD31988p	LD31988p	NM_136729	NM_136729.3	NP_610573	NP_610573	NP_610573.1	NP_610573.1	NP_610573.1	Q7K0D3	Q7K0D3	Q7K0D3	Q7K0D3_DROME	Q7K0D3_DROME	UPI00000753E0	dme:Dmel_CG12909	uncharacterized protein
Dbp45A	7227.FBpp0087645	https://smart.embl.de/smart/DDvec.cgi?smart=521:DEXDc(26|225)+HELICc(265|346)+	Probable ATP-dependent RNA helicase Dbp45A; Probable ATP-binding RNA helicase	3.6.4.13	35917	35917	35917	AAA16339.1	AAF58994.1	AAL13957.1	AI515613	ATP-dependent RNA helicase	AW943909	AY058728	CAA80804.1	CG12759	CG12759	CG12759	CG12759	CG12759	CG12759-PA	CG12759-PA	CG12759-RA	DBP45A	DBP45A	DDX49_DROME	DDX49_DROME	DEAD box protein 45A	DEAD box protein 45A	DEAD box protein 45A	Dbp45	Dbp45	Dbp45A	Dbp45A	Dbp45A	Dbp45A	Dbp45A	Dbp45A	Dbp45A	Dbp45A-PA	Dbp45A-PA	Dbp45A-PA	Dbp45A-RA	DmRH18	DmRH18	DmelCG12759	EC 3.6.4.13	FBan0012759	FBgn0010220	FBgn0010220	FBgn0010220	FBgn0010220	FBgn0010220	FBgn0010220	FBpp0087645	FBpp0087645	FBpp0087645	FBtr0088564	FBtr0088564	FBtr0088564	L13612	NM_057579	NM_057579.4	NP_476927	NP_476927	NP_476927.1	NP_476927.1	NP_476927.1	Probable ATP-dependent RNA helicase Dbp45A	Probable ATP-dependent RNA helicase Dbp45A	Q07886	Q07886	Q07886	Q9V528	Q9V528	Q9V528	UPI000012463A	Z23266	dme:Dmel_CG12759
Mys45A	7227.FBpp0087709	https://smart.embl.de/smart/DDvec.cgi?smart=712:Pfam_NUC130_3NT(62|113)+COIL(256|279)+Pfam_SDA1(409|711)+	Protein SDA1 homolog; Required for 60S pre-ribosomal subunits export to the cytoplasm	35925	35925	35925	61763	AA439345	AA978874	AAF58986.2	AAL29184.1	AAL48031.1	AF173549	AW943162	AX094046	AY070560	BH614845	CG8070	CG8070	CG8070	CG8070	CG8070	CG8070-PA	CG8070-PA	CG8070-RA	CG8070-RA	CL610111	DmelCG8070	FBan0008070	FBgn0033379	FBgn0033379	FBgn0033379	FBgn0033379	FBgn0033379	FBgn0033379	FBgn0062194	FBpp0087709	FBpp0087709	FBpp0087709	FBtr0088628	FBtr0088628	FBtr0088628	Mys-45A	Mys-45A	Mys45A	Mys45A	Mys45A	Mys45A	Mys45A	Mys45A	Mys45A	Mys45A-PA	Mys45A-PA	Mys45A-PA	Mys45A-RA	Mys45a	Mystery 45A	Mystery 45A	Mystery protein 45A	Mystery protein 45A	NM_136611	NM_136611.3	NP_610455	NP_610455	NP_610455.1	NP_610455.1	NP_610455.1	Protein SDA1 homolog	Protein SDA1 homolog	Q7KKH3	Q7KKH3	Q7KKH3	SDA1_DROME	SDA1_DROME	UPI00000766BD	anon-WO0118547.170	anon-WO0118547.170	dme:Dmel_CG8070	mystery 45A
CG30349	7227.FBpp0087731	https://smart.embl.de/smart/DDvec.cgi?smart=620:WD40(2|32)+WD40(100|140)+WD40(183|226)+Pfam_Utp12(438|544)+	annotation not available	35885	35885	35885	61724	A1Z7K2	A1Z7K2	A1Z7K2	A1Z7K2_DROME	A1Z7K2_DROME	AAF59028.2	AAL89881.1	ADA53583.1	AY084143	BI227878	BT120044	CG13750	CG13750	CG2396	CG2396	CG30349	CG30349	CG30349	CG30349	CG30349	CG30349	CG30349	CG30349	CG30349-PA	CG30349-PA	CG30349-PA	CG30349-PA	CG30349-RA	CG30349-RA	CG30349-RA	CG30349-RA	CG30349-RA	CG30349-RA	DmelCG30349	Dmel_CG30349	Dmel_CG30349	FBan0030349	FBgn0033343	FBgn0033345	FBgn0050349	FBgn0050349	FBgn0050349	FBgn0050349	FBgn0050349	FBgn0050349	FBgn0063640	FBpp0087731	FBpp0087731	FBpp0087731	FBtr0088650	FBtr0088650	FBtr0088650	FI03455p	FI03455p	NM_136577	NM_136577.1	NP_610421	NP_610421	NP_610421.1	NP_610421.1	NP_610421.1	Q8SXT6	UPI000007CB67	dme:Dmel_CG30349	uncharacterized protein
CG11076	7227.FBpp0088285	http://smart.embl.de/smart/DDt.cgi?smart=279:	annotation not available	43830	43830	43830	68656	AAF59392.3	AAL48821.1	AAN06566.1	ACU43547.1	AFH06789.1	AY071199	BI216930	BT099585	CG11076	CG11076	CG11076	CG11076	CG11076	CG11076	CG11076	CG11076	CG11076-PA	CG11076-PA	CG11076-PA	CG11076-PA	CG11076-PB	CG11076-PB	CG11076-PC	CG11076-PC	CG11076-PD	CG11076-PE	CG11076-RA	CG11076-RA	CG11076-RA	CG11076-RA	CG11076-RA	CG11076-RA	CG11076-RB	CG11076-RB	CG11076-RC	CG11076-RC	CZ471253	CZ473896	DmelCG11076	DmelCG11076	DmelCG11076	Dmel_CG11076	Dmel_CG11076	FBan0011076	FBgn0039929	FBgn0039929	FBgn0039929	FBgn0039929	FBgn0039929	FBgn0039929	FBpp0088284	FBpp0088284	FBpp0088285	FBpp0088285	FBpp0088285	FBpp0301598	FBpp0301598	FBtr0089220	FBtr0089220	FBtr0089221	FBtr0089221	FBtr0089221	FBtr0309864	FBtr0309864	GM15303p	GM15303p	NM_001258500	NM_001258500.1	NM_143686	NM_143686.3	NM_166807	NM_166807.2	NP_001245429	NP_001245429	NP_001245429.1	NP_651943	NP_651943.1	NP_726630	NP_726630.2	NP_726630.2	NP_726630.2	Q7KQM8	Q8SZ08	Q8SZ08	Q8SZ08	Q9V493	Q9V493	Q9V493	Q9V493_DROME	Q9V493_DROME	UPI0000078844	UPI00001E2751	Uncharacterized protein, isoform A	Uncharacterized protein, isoform A	dme:Dmel_CG11076	uncharacterized protein, isoform E
CG5033	7227.FBpp0088519	https://smart.embl.de/smart/DDvec.cgi?smart=784:BOP1NT(171|436)+WD40(436|475)+WD40(478|517)+WD40(561|603)+WD40(606|644)+WD40(647|686)+WD40(690|729)+WD40(741|784)+	Ribosome biogenesis protein BOP1 homolog; Required for maturation of ribosomal RNAs and formation of the large ribosomal subunit	37036	37036	37036	62721	AA940961	AAF57786.1	AAL39658.1	AAM68487.1	AAO41419.1	AW942674	AY069513	BI580025	BOP1_DROME	BOP1_DROME	BT003755	CAA22953.1	CG5033	CG5033	CG5033	CG5033	CG5033	CG5033	CG5033	CG5033-PA	CG5033-PA	CG5033-PA	CG5033-PA	CG5033-PB	CG5033-PB	CG5033-RA	CG5033-RA	CG5033-RA	CG5033-RA	CG5033-RB	CG5033-RB	CG5033-RB	CG5033-RB	CZ481744	CZ484793	CZ484794	DmelCG5033	EG:52C10.1	EG:52C10.1	FBan0005033	FBgn0028744	FBgn0028744	FBgn0028744	FBgn0028744	FBgn0028744	FBgn0028744	FBpp0088519	FBpp0088519	FBpp0088519	FBpp0088520	FBpp0088520	FBtr0089550	FBtr0089550	FBtr0089550	FBtr0089551	FBtr0089551	NM_137426	NM_137426.3	NM_166248	NM_166248.2	NP_611270	NP_611270	NP_611270.1	NP_611270.1	NP_611270.1	NP_725721	NP_725721.1	Q7JQW4	Q7JQW4	Q7JQW4	Q7K0Y1	Q7K0Y1	Q7K0Y1	Ribosome biogenesis protein BOP1 homolog	Ribosome biogenesis protein BOP1 homolog	UPI000000C146	UPI000007C4A7	dme:Dmel_CG5033
Nop60B	7227.FBpp0099583	https://smart.embl.de/smart/DDvec.cgi?smart=508:DKCLD(46|104)+Pfam_TruB_N(108|224)+Pfam_TruB_C_2(225|292)+PUA(295|369)+	H/ACA ribonucleoprotein complex subunit 4; Plays a central role in ribosomal RNA processing. Probable catalytic subunit of H/ACA small nucleolar ribonucleoprotein (H/ACA snoRNP) complex, which catalyzes pseudouridylation of rRNA. This involves the isomerization of uridine such that the ribose is subsequently attached to C5, instead of the normal N1. Pseudouridine ('psi') residues may serve to stabilize the conformation of rRNAs. Required for maintenance of the germline stem cell lineage during spermatogenesis; Belongs to the pseudouridine synthase TruB family	37873	37873	37873	5.4.99.-	63449	A8E745	A8E745	A8E745	AA536558	AAC97117.1	AAD16092.1	AAD19897.1	AAF47178.1	AAL90146.1	AAX52682.1	ABH08965.1	ABI17547.1	ABI17548.1	ABV82369.1	ACN29341.1	ACZ94558.1	ACZ94559.1	ACZ94560.1	ACZ94561.1	AF017230	AF089837	AF097634	AFA28436.1	AFH08243	AQ025756	AY089408	AY805216	BF487909	BT030987	BT064644	BT133195	C0P8M5	CG333	CG333	CG3333	CG3333	CG3333	CG3333	CG3333	CG3333-PA	CG3333-PA	CG3333-PB	CG3333-PC	CG3333-PD	CG3333-PE	CG3333-PF	CG3333-PG	CG3333-RA	CG3333-RA	CG3333-RB	CG3333-RB	CG3333-RB	CG3333-RC	CG3333-RD	CG3333-RE	CG3333-RF	CG3333-RG	CZ483791	DKC1_DROME	DKC1_DROME	DQ841550	DQ857345	DQ857346	DmelCG3333	E1JGV6	EC 5.4.99.-	FBan0003333	FBgn0022178	FBgn0023184	FBgn0023184	FBgn0083122	FBgn0259937	FBgn0259937	FBgn0259937	FBgn0259937	FBgn0259937	FBgn0259937	FBpp0072166	FBpp0072166	FBpp0099583	FBpp0099583	FBpp0099583	FBpp0289464	FBpp0289464	FBpp0289465	FBpp0289465	FBpp0289466	FBpp0289466	FBpp0290083	FBpp0290083	FBpp0293141	FBpp0293141	FBtr0072258	FBtr0072258	FBtr0100213	FBtr0100213	FBtr0100213	FBtr0300227	FBtr0300227	FBtr0300228	FBtr0300228	FBtr0300229	FBtr0300229	FBtr0300861	FBtr0300861	FBtr0304599	FBtr0304599	H/ACA ribonucleoprotein complex subunit 4	H/ACA ribonucleoprotein complex subunit 4	H5V894	MFL/Nop60B	MFL/Nop60B	NM_001014547	NM_001014547.3	NM_001169815	NM_001169815.2	NM_001169816	NM_001169816.2	NM_001169817	NM_001169817.2	NM_001169818	NM_001169818.2	NM_001259561	NM_001259561.1	NM_080381	NM_080381.4	NP_001014547	NP_001014547	NP_001014547.1	NP_001014547.1	NP_001014547.1	NP_001163286	NP_001163286.1	NP_001163286.1	NP_001163286.1	NP_001163287	NP_001163287.1	NP_001163288	NP_001163288.1	NP_001163289	NP_001163289.1	NP_001163289.1	NP_001163289.1	NP_001246490	NP_001246490.1	NP_525120	NP_525120.1	NP_525120.1	NP_525120.1	Nop60	Nop60	Nop60B	Nop60B	Nop60B	Nop60B	Nop60B	Nop60B	Nop60B	Nop60B-PA	Nop60B-PA	Nop60B-PB	Nop60B-PB	Nop60B-PB	Nop60B-PC	Nop60B-PC	Nop60B-PD	Nop60B-PE	Nop60B-PF	Nop60B-PF	Nop60B-PG	Nop60B-PG	Nop60B-RA	Nop60B-RB	Nop60B-RC	Nop60B-RD	Nop60B-RE	Nop60B-RF	Nop60B-RG	Nop60b	Nop60b	Nucleolar protein AT band 60B	Nucleolar protein AT band 60B	Nucleolar protein at 60B	Nucleolar protein at 60B	O44081	O44081	O44081	Protein minifly	Protein minifly	Q0GLB4	Q0GLB4	Q0GLB4	Q0MVP1	Q0MVP1	Q0MVP1	Q8T408	Q8T408	Q8T408	Q9UAN8	Q9UAN8	Q9UAN8	Q9V3Z5	Q9V3Z5	Q9V3Z5	UPI00001247E2	UPI000237F51B	Uhg6	Uhg6	dUhg-like 6	dUhg6	dUhg6	dme:Dmel_CG3333	l(2)k05318	l(2)k05318	mfl	mfl	mfl	mfl	minifly	nucleolar protein at 60B, isoform B
CG15019	7227.FBpp0112052	https://smart.embl.de/smart/DDvec.cgi?smart=146:Pfam_Laps(3|139)+	annotation not available	38542	38542	38542	AAF47896.1	AAY85077.1	ABW08461.1	BT023677	CG15019	CG15019	CG15019	CG15019	CG15019	CG15019	CG15019	CG15019	CG15019-PA	CG15019-PA	CG15019-PA	CG15019-PB	CG15019-PB	CG15019-PB	CG15019-PB	CG15019-RA	CG15019-RA	CG15019-RA	CG15019-RA	CG15019-RB	CG15019-RB	DmelCG15019	DmelCG15019	DmelCG15019	Dmel_CG15019	Dmel_CG15019	FBan0015019	FBgn0035541	FBgn0035541	FBgn0035541	FBgn0035541	FBgn0035541	FBgn0035541	FBpp0073191	FBpp0073191	FBpp0112052	FBpp0112052	FBpp0112052	FBtr0073335	FBtr0073335	FBtr0113139	FBtr0113139	FBtr0113139	GEO12024p1	GEO12024p1	IP04417p	IP04417p	NM_001104032	NM_001104032.1	NM_139642	NM_139642.2	NP_001097502	NP_001097502	NP_001097502.1	NP_001097502.1	NP_001097502.1	NP_647899	NP_647899.1	NP_647899.1	NP_647899.1	Q9VZC8	Q9VZC8	Q9VZC8	Q9VZC8_DROME	Q9VZC8_DROME	UPI00000819AF	Uncharacterized protein, isoform A	Uncharacterized protein, isoform A	Uncharacterized protein, isoform B	Uncharacterized protein, isoform B	dme:Dmel_CG15019	uncharacterized protein, isoform B
CG12050	7227.FBpp0113107	https://smart.embl.de/smart/DDvec.cgi?smart=1071:WD40(48|88)+WD40(190|229)+WD40(237|274)+WD40(277|316)+WD40(441|481)+WD40(494|532)+WD40(758|794)+	annotation not available	35374	35374	35374	AA950565	AAF53958.2	AAL28929.1	ACX54920.1	AW943024	AY061381	BH759424	BI353283	BT100012	CG12050	CG12050	CG12050	CG12050	CG12050	CG12050	CG12050	CG12050-PB	CG12050-PB	CG12050-PB	CG12050-PB	CG12050-RB	CG12050-RB	CG12050-RB	CG12050-RB	CG12050-RB	CG12050-RB	CZ476623	DmelCG12050	DmelCG12050	DmelCG12050	Dmel_CG12050	Dmel_CG12050	FBan0012050	FBgn0032915	FBgn0032915	FBgn0032915	FBgn0032915	FBgn0284251	FBgn0284251	FBpp0113107	FBpp0113107	FBpp0113107	FBtr0114615	FBtr0114615	FBtr0114615	FI12406p	FI12406p	Lethal (2) 05287	Lethal (2) 05287	NM_136242	NM_136242.3	NP_610086	NP_610086	NP_610086.3	NP_610086.3	NP_610086.3	Q95RG7	Q9VIG1	Q9VIG1	Q9VIG1	Q9VIG1_DROME	Q9VIG1_DROME	UPI00001E1682	dme:Dmel_CG12050	l(2)05287	l(2)05287	l(2)05287	lethal (2) 05287
CG42708	7227.FBpp0292103	https://smart.embl.de/smart/DDvec.cgi?smart=775:Pfam_Glutaminase(223|513)+ANK(568|597)+	Glutaminase, isoform H; Glutaminase activity. It is involved in the biological process described with: glutamine metabolic process; imaginal disc-derived wing morphogenesis	3.5.1.2	36396	36396	36396	A1Z942	A1Z943	A1Z944	A4IJ68	AAK93001.1	AAL13349.1	AAM68643.1	AAM68644.1	AAM68645.1	AAM68646.1	AAM68647.1	AAM68648.2	AAN71077.1	AAQ22423.1	ABE73218.1	ABO52846.1	ACW83542.1	ACZ94404.1	ACZ94405.1	AX154797	AY051577	BT001322	BT009954	BT025047	BT030426	BT099834	CG42708	CG42708	CG42708	CG42708	CG42708	CG42708	CG42708	CG42708-PA	CG42708-PA	CG42708-PA	CG42708-PB	CG42708-PB	CG42708-PB	CG42708-PC	CG42708-PC	CG42708-PC	CG42708-PD	CG42708-PD	CG42708-PD	CG42708-PE	CG42708-PE	CG42708-PE	CG42708-PF	CG42708-PF	CG42708-PF	CG42708-PH	CG42708-PH	CG42708-PH	CG42708-PH	CG42708-PI	CG42708-PI	CG42708-PI	CG42708-PJ	CG42708-PK	CG42708-RA	CG42708-RA	CG42708-RB	CG42708-RB	CG42708-RC	CG42708-RC	CG42708-RD	CG42708-RD	CG42708-RE	CG42708-RE	CG42708-RF	CG42708-RF	CG42708-RH	CG42708-RH	CG42708-RI	CG42708-RI	CG8772	CG8772	CG8772-PA	CG8772-PB	CG8772-PC	CG8772-PD	CG8772-PE	CG8772-PF	CG8772-PH	CG8772-PI	CG8772-RA	CG8772-RB	CG8772-RC	CG8772-RD	CG8772-RE	CG8772-RF	CG8772-RH	CG8772-RI	CG8872	CG8872	DmelCG42708	Dmel_CG42708	Dmel_CG42708	Dmel_CG8772	E1JH47	EC 3.5.1.2	FBgn0033765	FBgn0261625	FBgn0261625	FBgn0261625	FBgn0261625	FBgn0261625	FBgn0261625	FBpp0086988	FBpp0086989	FBpp0086990	FBpp0086991	FBpp0086992	FBpp0110317	FBpp0289619	FBpp0290705	FBpp0292097	FBpp0292097	FBpp0292098	FBpp0292098	FBpp0292099	FBpp0292099	FBpp0292100	FBpp0292100	FBpp0292101	FBpp0292101	FBpp0292102	FBpp0292102	FBpp0292103	FBpp0292103	FBpp0292103	FBpp0292104	FBpp0292104	FBtr0087875	FBtr0087876	FBtr0087877	FBtr0087878	FBtr0087879	FBtr0111018	FBtr0300390	FBtr0301490	FBtr0302972	FBtr0302972	FBtr0302973	FBtr0302973	FBtr0302974	FBtr0302974	FBtr0302975	FBtr0302975	FBtr0302976	FBtr0302976	FBtr0302977	FBtr0302977	FBtr0302978	FBtr0302978	FBtr0302978	FBtr0302979	FBtr0302979	GLS	GLS	GLS	Glutaminase	Glutaminase, isoform H	Glutaminase, isoform H	IP16401p	IP16401p	NM_001169658	NM_001169658.1	NM_001169659	NM_001169659.1	NM_136965	NM_136965.4	NM_165938	NM_165938.2	NM_165939	NM_165939.2	NM_165941	NM_165941.2	NM_165942	NM_165942.2	NM_165943	NM_165943.2	NP_001163129	NP_001163129	NP_001163129.1	NP_001163129.1	NP_001163129.1	NP_001163130	NP_001163130.1	NP_610809	NP_610809.3	NP_725212	NP_725212.1	NP_725213	NP_725213.1	NP_725215	NP_725215.1	NP_725216	NP_725216.1	NP_725217	NP_725217.1	Q0E9A1	Q1RL13	Q1RL13	Q1RL13	Q1RL13_DROME	Q1RL13_DROME	Q7JQK6	Q8IHB6	Q961I1	UPI0000079917	UPI0000079C09	UPI000007B844	UPI0000080519	UPI0000080BDF	UPI00002284ED	UPI00003FB3E4	UPI0001C0003E	dme:Dmel_CG42708	glutaminase, isoform H	nemy	nemy
CG11089	7227.FBpp0292529	https://smart.embl.de/smart/DDvec.cgi?smart=590:MGS(16|130)+AICARFT_IMPCHas(135|460)+	annotation not available	153761_at	153761_at	153761_at	153761_at	2.1.2.3	3.5.4.10	42973	42973	67897	AA438421	AAF56358.1	AAL28705.1	AAR99120.1	ADV37376	ADV37377	ADV37378	ADV37379	AI114385	AI402253	AW942238	AY061157	BEST:GH11240	BEST:GH11240	BEST:GH11240	BEST:GH11240	BI233256	BT011462	CG11089	CG11089	CG11089	CG11089	CG11089	CG11089	CG11089	CG11089-PA	CG11089-PA	CG11089-PB	CG11089-PB	CG11089-PC	CG11089-PC	CG11089-PD	CG11089-PD	CG11089-PE	CG11089-PE	CG11089-RA	CG11089-RA	CG11089-RA	CG11089-RA	CG11089-RB	CG11089-RB	CG11089-RC	CG11089-RC	CG11089-RD	CG11089-RD	CG11089-RE	CG11089-RE	CT30991	CT30991	CT30991	CT30991	CZ469001	CZ469002	CZ480990	CZ481135	CZ481411	CZ481412	DmelCG11089	DmelCG11089	DmelCG11089	Dmel_CG11089	Dmel_CG11089	EC 2.1.2.3	EC 3.5.4.10	FBan0011089	FBgn0039241	FBgn0039241	FBgn0039241	FBgn0039241	FBgn0039241	FBgn0039241	FBgn0043823	FBpp0084087	FBpp0084087	FBpp0292528	FBpp0292528	FBpp0292529	FBpp0292529	FBpp0292529	FBpp0292530	FBpp0292530	FBpp0292531	FBpp0292531	FBtr0084710	FBtr0084710	FBtr0303476	FBtr0303476	FBtr0303477	FBtr0303477	FBtr0303477	FBtr0303478	FBtr0303478	FBtr0303479	FBtr0303479	NM_001202354	NM_001202354.1	NM_001202355	NM_001202355.1	NM_001202356	NM_001202356.1	NM_001202357	NM_001202357.1	NM_001202358	NM_001202358.1	NM_001202359	NM_001202359.1	NM_001202360	NM_001202360.1	NM_143048	NM_143048.1	NM_170178	NM_170178.2	NP_001189283	NP_001189283.1	NP_001189284	NP_001189284.1	NP_001189285	NP_001189285.1	NP_001189286	NP_001189286	NP_001189286.1	NP_001189286.1	NP_001189286.1	NP_001189287	NP_001189287.1	NP_001189288	NP_001189288.1	NP_001189289	NP_001189289.1	NP_651305	NP_651305.1	NP_651305.1	NP_651305.1	NP_733057	NP_733057.1	Q95RT1	Q9VC18	Q9VC18	Q9VC18	Q9VC18_DROME	Q9VC18_DROME	RE29555p	RE29555p	UPI0000082533	Uncharacterized protein, isoform A	Uncharacterized protein, isoform A	Uncharacterized protein, isoform B	Uncharacterized protein, isoform B	atic	atic	dme:Dmel_CG11089	uncharacterized protein, isoform B
CG10565	7227.FBpp0293954	https://smart.embl.de/smart/DDvec.cgi?smart=646:DnaJ(75|140)+Pfam_RAC_head(322|418)+SANT(431|491)+SANT(582|634)+	Uncharacterized protein, isoform A; DNA binding; unfolded protein binding; chromatin binding. It is involved in the biological process described with: protein folding	40332	40332	40332	65583	AA820316	AAF51678.1	AAL39668.1	AFH04527	AI063153	AW942690	AY069523	BE662255	CG10565	CG10565	CG10565	CG10565	CG10565	CG10565	CG10565	CG10565	CG10565-PA	CG10565-PA	CG10565-PA	CG10565-PB	CG10565-PB	CG10565-PB	CG10565-PB	CG10565-RA	CG10565-RA	CG10565-RA	CG10565-RA	CG10565-RB	CG10565-RB	DmelCG10565	DmelCG10565	DmelCG10565	Dmel_CG10565	Dmel_CG10565	FBan0010565	FBgn0037051	FBgn0037051	FBgn0037051	FBgn0037051	FBgn0037051	FBgn0037051	FBpp0077979	FBpp0077979	FBpp0293954	FBpp0293954	FBpp0293954	FBtr0078323	FBtr0078323	FBtr0305502	FBtr0305502	FBtr0305502	LD23875p	LD23875p	NM_001259927	NM_001259927.1	NM_141027	NM_141027.3	NP_001246856	NP_001246856	NP_001246856.1	NP_001246856.1	NP_001246856.1	NP_649284	NP_649284.1	NP_649284.1	NP_649284.1	Q9VP77	Q9VP77	Q9VP77	Q9VP77_DROME	Q9VP77_DROME	UPI000007C4B6	Uncharacterized protein, isoform A	Uncharacterized protein, isoform A	Uncharacterized protein, isoform B	Uncharacterized protein, isoform B	dme:Dmel_CG10565	uncharacterized protein, isoform B
bor	7227.FBpp0297140	https://smart.embl.de/smart/DDvec.cgi?smart=604:Pfam_DUF3523(34|292)+AAA(350|483)+	ATPase family AAA domain-containing protein 3A homolog; Required to maintain the proper number of mitochondria in neurons and muscles	53565	53565	53565	AA950843	AAF33404.1	AAF43014.1	AAF43016.1	AAF55289.2	AAL13845.1	AF227209	AF227210	AF229928	AFH06453	AFH06454	AI064198	AI944787	AI946460	ATAD3A	ATAD3A	ATD3A_DROME	ATD3A_DROME	AW943059	AY058616	Belphegor	Belphegor protein	Belphegor protein	CG6815	CG6815	CG6815	CG6815	CG6815	CG6815-PA	CG6815-PA	CG6815-PB	CG6815-PC	CG6815-RA	CG6815-RA	CG6815-RA	CG6815-RA	CG6815-RB	CG6815-RC	CP89BC	CP89BC	Cytoplasmic Protein 89BC	DmelCG6815	Dmel_CG6815	Dmel_CG6815	FBan0006815	FBgn0038409	FBgn0040237	FBgn0040237	FBgn0040237	FBgn0040237	FBgn0040237	FBgn0040237	FBgn0040482	FBpp0082728	FBpp0082728	FBpp0297140	FBpp0297140	FBpp0297140	FBpp0297141	FBpp0297141	FBtr0083276	FBtr0083276	FBtr0305998	FBtr0305998	FBtr0305998	FBtr0305999	FBtr0305999	NM_001260206	NM_001260206.1	NM_001260207	NM_001260207.1	NM_080257	NM_080257.3	NP_001247135	NP_001247135	NP_001247135.1	NP_001247135.1	NP_001247135.1	NP_001247136	NP_001247136.1	NP_524996	NP_524996.1	NP_524996.1	NP_524996.1	Q7KJ37	Q95TQ1	Q9VEX6	Q9VEX6	Q9VEX6	UPI00000075AB	belphegor	belphegor, isoform B	bor	bor	bor	bor	bor	bor	bor	bor-PA	bor-PA	bor-PB	bor-PB	bor-PB	bor-PC	bor-RA	bor-RB	bor-RC	dATAD3A	dATAD3A	dme:Dmel_CG6815
CG5114	7227.FBpp0301081	https://smart.embl.de/smart/DDvec.cgi?smart=445:WD40(75|114)+WD40(117|156)+WD40(205|244)+WD40(313|354)+WD40(359|397)+WD40(400|439)+	annotation not available	39624	39624	64948	AA695304	AAF49689.1	AAL28394.1	AFH04431	AW941170	AY060846	CG5114	CG5114	CG5114	CG5114	CG5114	CG5114	CG5114, isoform B	CG5114-PA	CG5114-PA	CG5114-PA	CG5114-PB	CG5114-PB	CG5114-PB	CG5114-PB	CG5114-RA	CG5114-RA	CG5114-RB	CG5114-RB	DmelCG5114	DmelCG5114	Dmel_CG5114	FBan0005114	FBgn0036460	FBgn0036460	FBgn0036460	FBgn0036460	FBgn0036460	FBpp0075377	FBpp0075377	FBpp0301081	FBpp0301081	FBpp0301081	FBtr0075624	FBtr0075624	FBtr0309064	FBtr0309064	FBtr0309064	M9NE98	M9NE98_DROME	NM_001259831	NM_001259831.1	NM_140474	NM_140474.3	NP_001246760	NP_001246760	NP_001246760.1	NP_001246760.1	NP_648731	NP_648731.1	Q9VUI8	UPI00000787EE	UPI000264EC8E	dme:Dmel_CG5114
eRF1	7227.FBpp0304202	https://smart.embl.de/smart/DDvec.cgi?smart=447:eRF1_1(5|141)+Pfam_eRF1_2(145|277)+Pfam_eRF1_3(280|415)+	Eukaryotic peptide chain release factor subunit 1; Directs the termination of nascent peptide synthesis (translation) in response to the termination codons UAA, UAG and UGA	40240	40240	40240	65501	A4V259	A4V259	A4V259	AA438539	AA817510	AAF51574.2	AAF51575	AAL39656.1	AAN12121.1	AAN12122.1	AAN12123.1	AAO41278.1	ACZ94121.1	ACZ94122.1	AI455318	AQ073808	AQ254706	AX094168	AY069511	BH634809	BT120009	BT120010	CG5605	CG5605	CG5605	CG5605	CG5605	CG5605-PA	CG5605-PA	CG5605-PB	CG5605-PB	CG5605-PC	CG5605-PC	CG5605-PE	CG5605-PE	CG5605-PF	CG5605-PF	CG5605-PG	CG5605-PG	CG5605-PH	CG5605-PI	CG5605-RA	CG5605-RA	CG5605-RB	CG5605-RB	CG5605-RC	CG5605-RC	CG5605-RE	CG5605-RE	CG5605-RF	CG5605-RF	CG5605-RG	CG5605-RG	CG5605-RH	CG5605-RI	CZ472079	D1Z373	Dm0184	Dm0184	DmelCG5605	ERF1_DROME	ERF1_DROME	Eukaryotic release factor 1	Eukaryotic release factor 1	FBan0005605	FBgn0010710	FBgn0011462	FBgn0036974	FBgn0036974	FBgn0036974	FBgn0036974	FBgn0036974	FBgn0036974	FBpp0077831	FBpp0077831	FBpp0077832	FBpp0077832	FBpp0077833	FBpp0077833	FBpp0077834	FBpp0077834	FBpp0077835	FBpp0077835	FBpp0077836	FBpp0077836	FBpp0304201	FBpp0304201	FBpp0304202	FBpp0304202	FBpp0304202	FBtr0078173	FBtr0078173	FBtr0078174	FBtr0078174	FBtr0078175	FBtr0078175	FBtr0078176	FBtr0078176	FBtr0078177	FBtr0078177	FBtr0078178	FBtr0078178	FBtr0331817	FBtr0331817	FBtr0331818	FBtr0331818	FBtr0331818	G00512	Group J	NM_140953	NM_140953.2	NM_168845	NM_168845.1	NM_168846	NM_168846.1	NM_168847	NM_168847.1	NM_168848	NM_168848.1	NM_176369	NM_176369.1	NP_649210	NP_649210	NP_649210.1	NP_649210.1	NP_649210.1	NP_730517	NP_730517.1	NP_730517.1	NP_730517.1	NP_730518	NP_730518.1	NP_730518.1	NP_730518.1	NP_730519	NP_730519.1	NP_730519.1	NP_730519.1	NP_730520	NP_730520.1	NP_730520.1	NP_730520.1	NP_788547	NP_788547.1	NP_788547.1	NP_788547.1	Q0E8C7	Q0E8C7	Q0E8C7	Q8T071	Q8T071	Q8T071	Q9VPH7	Q9VPH7	Q9VPH7	UPI00000073E6	UPI00017FC9B4	dme:Dmel_CG5605	eRF1	eRF1	eRF1	eRF1	eRF1	eRF1	eRF1	eRF1-PA	eRF1-PA	eRF1-PB	eRF1-PB	eRF1-PC	eRF1-PC	eRF1-PE	eRF1-PE	eRF1-PF	eRF1-PF	eRF1-PG	eRF1-PG	eRF1-PH	eRF1-PH	eRF1-PI	eRF1-PI	eRF1-PI	eRF1-RA	eRF1-RB	eRF1-RC	eRF1-RE	eRF1-RF	eRF1-RG	eRF1-RH	eRF1-RI	eukaryotic release factor 1	eukaryotic release factor 1, isoform A	group J	l(3)00103	l(3)00103	l(3)05637	l(3)05637	l(3)77ABb	l(3)77ABb	l(3)neo28	l(3)neo28
Nopp140	7227.FBpp0305034	http://smart.embl.de/smart/DDt.cgi?smart=773:	Nopp140, isoform E; Nopp140 is a nucleolar and Cajal body protein. It is predicted to function as a chaperone in the assembly of small nucleolar ribonucleoprotein particles within Cajal bodies, their transit to nucleoli, and their association with pre-ribosomal RNA within nucleolar dense fibrillar regions	40433	40433	65673	AA391875	AA440191	AAF51788.2	AAF51788.3	AAF51789.2	AAF68853.2	AAL28729.1	AAX33555.1	ADV37594	AF162774	AI543554	AW942325	AY061181	BT021407	CG7421	CG7421	CG7421	CG7421	CG7421-PA	CG7421-PA	CG7421-PA	CG7421-PB	CG7421-PB	CG7421-PB	CG7421-PE	CG7421-PF	CG7421-RA	CG7421-RA	CG7421-RA	CG7421-RB	CG7421-RB	CG7421-RB	CG7421-RE	CG7421-RF	DmNopp140	DmNopp140	DmNopp140	DmelCG7421	DmelCG7421	Dmel_CG7421	FBan0007421	FBgn0037137	FBgn0037137	FBgn0037137	FBgn0037137	FBgn0037137	FBpp0088542	FBpp0088542	FBpp0088542	FBpp0089003	FBpp0089003	FBpp0089003	FBpp0305034	FBpp0305034	FBpp0305034	FBpp0305035	FBpp0305035	FBtr0089579	FBtr0089579	FBtr0089579	FBtr0089580	FBtr0089580	FBtr0089580	FBtr0332811	FBtr0332811	FBtr0332811	FBtr0332812	FBtr0332812	M9PFZ1	M9PFZ1_DROME	NM_168940	NM_168940.2	NM_168941	NM_168941.3	NP_001189158	NP_001262195.1	NP_730693	NP_730693.1	NP_730694	NP_730694.2	Nopp- 140	Nopp- 140	Nopp140	Nopp140	Nopp140	Nopp140	Nopp140	Nopp140	Nopp140	Nopp140	Nopp140, isoform E	Nopp140, isoform F	Nopp140-PA	Nopp140-PA	Nopp140-PB	Nopp140-PB	Nopp140-PE	Nopp140-PE	Nopp140-PE	Nopp140-PF	Nopp140-PF	Nopp140-RA	Nopp140-RB	Nopp140-RE	Nopp140-RF	Q7KTV5	Q7Z2C9	Q9VNX5	Q9VNX6	UPI00000073FB	UPI00000073FC	UPI00001E1D7D	dme:Dmel_CG7421	nopp140	nopp140	nopp140
NHP2	7227.FBpp0305289	https://smart.embl.de/smart/DDvec.cgi?smart=160:Pfam_Ribosomal_L7Ae(51|146)+	H/ACA ribonucleoprotein complex subunit 2-like protein; Required for ribosome biogenesis. Part of a complex which catalyzes pseudouridylation of rRNA. This involves the isomerization of uridine such that the ribose is subsequently attached to C5, instead of the normal N1. Pseudouridine ("psi") residues may serve to stabilize the conformation of rRNAs (By similarity)	44005	44005	44005	68768	AAF27630.1	AAF49701.1	AAZ41760.1	AF217228	BI625697	BT023752	CG5258	CG5258	CG5258	CG5258	CG5258	CG5258-PA	CG5258-PA	CG5258-PB	CG5258-RA	CG5258-RA	CG5258-RA	CG5258-RA	CG5258-RB	DmelCG5258	FBan0005258	FBgn0029148	FBgn0029148	FBgn0029148	FBgn0029148	FBgn0029148	FBgn0029148	FBgn0029148	FBgn0029148	FBgn0036452	FBpp0075448	FBpp0075448	FBpp0305289	FBpp0305289	FBpp0305289	FBtr0075698	FBtr0075698	FBtr0333076	FBtr0333076	FBtr0333076	H/ACA snoRNP protein NHP2	H/ACA snoRNP protein NHP2	NHP2	NHP2	NHP2	NHP2	NHP2	NHP2	NHP2	NHP2	NHP2	NHP2, isoform B	NHP2-PA	NHP2-PA	NHP2-PB	NHP2-PB	NHP2-PB	NHP2-RA	NHP2-RB	NHP2_DROME	NHP2_DROME	NM_143708	NM_143708.2	NP_001261849	NP_001261849.1	NP_001261849.1	NP_651965	NP_651965.1	NP_651965.1	NP_651965.1	Nucleolar protein family A member 2-like protein	Nucleolar protein family A member 2-like protein	Q494M4	Q494M4	Q494M4	Q9V3U2	Q9V3U2	Q9V3U2	UPI000007CAC3	dme:Dmel_CG5258
